Rainfall,Temperature,Humidity,Soil_Moisture,Previous_Groundwater_Level,Water_Consumption,Groundwater_Recharge,Groundwater_Level
187.27,22.85,65.76,53.62,22.17,436.28,98.15,15.67
475.36,22.41,84.43,17.93,21.24,399.62,12.0,16.37
366.0,42.19,80.81,70.43,4.68,258.54,36.35,12.81
299.33,22.49,32.31,50.98,27.83,646.54,116.05,17.23
78.01,23.16,31.94,16.79,17.92,528.96,79.3,9.15
78.0,37.78,41.45,77.18,12.18,879.13,139.2,11.77
29.04,28.49,48.89,43.88,23.18,128.9,64.31,13.68
433.09,38.3,52.68,10.47,9.21,679.48,130.47,10.25
300.56,16.96,74.38,52.01,21.42,786.65,67.34,13.86
354.04,29.63,24.53,23.99,3.11,783.54,146.89,8.77
10.29,16.01,22.77,65.28,25.5,897.47,143.98,14.99
484.95,16.88,51.35,66.34,14.55,756.13,49.37,16.76
416.22,42.19,75.77,78.42,19.83,935.03,132.89,17.5
106.17,19.18,35.47,42.64,8.19,399.39,127.14,9.65
90.91,30.97,71.32,39.12,20.96,552.89,31.6,7.19
91.7,27.33,40.79,61.51,23.62,112.67,93.64,17.7
152.12,25.42,90.89,14.94,15.25,106.26,10.9,9.08
262.38,42.0,91.66,46.02,19.3,316.11,125.51,15.63
215.97,15.65,43.78,45.97,14.78,190.73,26.18,11.23
145.61,34.91,38.4,11.71,27.03,334.19,10.62,10.47
305.93,43.9,52.9,36.35,15.94,259.34,60.03,14.01
69.75,31.81,39.24,69.0,25.57,125.67,86.54,17.37
146.07,43.1,73.79,69.21,24.44,918.37,128.24,14.74
183.18,16.57,86.09,12.44,13.49,107.4,146.14,11.11
228.03,27.56,73.85,11.8,8.44,762.47,65.92,4.19
392.59,22.8,85.95,24.7,13.37,236.93,9.07,10.91
99.84,36.92,51.76,70.61,25.13,921.01,112.37,14.12
257.12,44.44,32.51,14.67,8.37,903.52,84.78,5.75
296.21,22.7,79.04,59.0,16.68,688.51,67.18,13.14
23.23,34.63,48.84,12.59,24.57,705.01,46.39,5.99
303.77,20.94,73.7,51.74,11.9,104.81,75.36,13.0
85.26,31.96,41.65,31.71,19.98,986.38,50.8,9.17
32.53,28.92,26.5,64.17,8.88,890.05,113.55,9.33
474.44,44.16,99.41,22.53,5.06,905.6,81.58,10.2
482.82,33.26,32.5,52.94,24.24,693.32,131.53,21.44
404.2,25.49,99.07,22.68,4.77,410.31,81.53,9.38
152.31,18.42,98.18,58.52,9.6,904.28,35.74,8.81
48.84,19.54,83.51,70.53,25.94,362.37,127.66,18.1
342.12,21.76,72.75,14.51,11.7,606.44,83.58,10.48
220.08,22.53,66.22,69.99,29.25,189.76,31.03,18.44
61.02,40.52,89.29,49.52,29.43,929.76,93.53,9.64
247.59,31.84,43.16,14.53,9.51,226.69,53.66,9.78
17.19,30.7,57.41,37.07,3.15,302.41,126.66,7.24
454.66,18.44,69.55,17.06,21.74,602.32,67.99,15.58
129.39,40.8,52.9,57.53,14.63,787.68,108.97,10.76
331.26,36.68,54.2,61.92,4.82,657.42,14.33,7.91
155.86,17.03,46.42,12.93,21.81,308.92,59.4,10.58
260.03,36.24,65.14,42.96,2.87,100.85,147.49,12.77
273.36,31.31,88.05,66.1,26.37,781.44,121.27,17.21
92.43,17.45,36.12,75.21,5.88,986.69,23.99,5.83
484.79,28.75,94.75,43.51,5.56,828.92,41.66,10.29
387.57,29.54,75.13,76.27,6.92,514.19,49.47,12.54
469.75,19.97,85.86,45.18,28.89,913.39,97.55,20.47
447.41,43.37,64.5,34.56,21.41,468.86,113.55,16.28
298.95,40.5,82.36,68.62,24.44,572.44,112.43,17.55
460.94,35.07,21.3,41.97,13.13,529.42,76.48,14.34
44.25,28.87,85.47,40.39,11.42,502.86,121.62,10.12
97.99,27.35,23.21,41.77,8.57,797.67,65.56,3.62
22.61,34.53,91.19,68.51,15.46,574.09,18.58,8.58
162.67,31.36,99.36,67.4,17.45,385.05,84.67,13.57
194.34,16.87,43.53,35.26,19.69,332.34,142.85,15.94
135.67,30.38,36.83,30.0,9.2,133.97,118.95,8.75
414.37,39.19,81.23,41.89,28.56,624.88,86.81,17.56
178.38,28.78,40.24,47.96,6.75,306.97,97.02,11.25
140.47,16.56,89.24,22.88,29.04,233.32,139.58,17.96
271.35,38.59,28.23,64.55,2.42,688.45,64.25,7.51
70.46,21.04,30.08,41.49,15.47,713.09,49.71,7.74
401.1,22.76,98.33,30.05,11.33,776.94,146.59,14.59
37.28,19.94,73.91,13.01,14.58,553.22,129.52,9.2
493.44,24.91,87.75,22.91,17.98,904.65,48.46,12.51
386.12,37.7,45.95,76.2,14.2,942.71,69.57,15.29
99.36,30.58,74.12,27.88,13.62,826.63,62.26,7.31
2.76,21.15,67.54,17.66,22.52,672.03,22.36,6.98
407.73,41.33,68.25,39.55,21.2,373.35,143.67,18.95
353.43,41.39,74.6,28.03,25.33,984.65,60.65,13.62
364.5,41.12,66.03,7.64,9.0,346.72,131.3,11.41
385.64,22.16,54.32,29.24,19.07,282.39,28.4,14.97
37.02,28.54,42.07,45.81,18.39,497.94,82.18,11.6
179.23,44.55,81.49,46.38,12.35,151.16,3.59,6.81
57.93,38.16,38.1,31.74,15.61,980.65,114.63,6.32
431.55,15.82,75.39,38.55,10.79,629.59,87.14,12.67
311.65,16.96,38.67,77.41,5.97,601.26,93.84,14.63
165.45,28.92,70.03,33.3,7.99,690.22,7.76,2.15
31.78,42.28,79.77,24.37,4.95,547.32,31.66,2.0
155.49,31.16,37.5,23.26,21.13,128.86,11.15,10.39
162.59,29.93,24.8,39.33,20.5,651.08,43.34,11.79
364.8,18.16,30.48,61.96,28.62,744.56,94.12,20.54
318.78,34.7,68.48,20.45,22.43,475.07,84.93,12.42
443.61,39.66,87.96,58.2,3.46,781.57,91.82,9.93
236.11,26.41,23.6,6.59,26.76,304.3,82.39,12.77
59.8,38.27,78.73,36.42,26.15,299.15,40.95,10.85
356.62,43.93,47.31,63.19,14.41,245.28,36.68,13.52
380.39,21.11,58.28,30.4,18.4,434.8,20.56,11.21
280.64,30.7,94.31,47.28,29.33,862.31,127.36,20.13
385.48,23.61,46.56,20.37,16.9,845.12,92.47,10.88
246.9,38.79,57.23,60.65,27.35,444.54,27.98,17.14
261.37,32.33,21.09,8.92,4.33,630.21,26.58,4.5
213.77,34.04,26.53,68.94,7.35,748.73,130.96,12.91
12.71,38.94,40.69,19.86,14.34,317.09,111.41,7.21
53.95,26.88,22.23,70.58,18.37,251.33,98.91,14.9
15.71,42.45,70.51,31.44,24.85,974.89,61.03,6.34
318.21,30.99,54.11,59.2,29.67,655.8,39.3,18.39
157.18,19.74,63.85,28.94,12.89,983.27,146.92,10.05
254.29,35.88,33.97,72.94,3.33,403.98,119.59,11.7
453.78,38.8,43.67,14.5,24.43,732.73,45.27,11.99
124.65,24.5,73.11,18.39,18.92,300.34,127.13,9.65
205.19,40.72,97.22,41.98,7.56,335.08,113.84,9.01
377.78,42.18,24.03,11.15,15.86,560.71,44.56,10.87
114.4,23.31,91.23,19.7,22.78,387.66,63.98,10.63
38.49,44.51,66.15,75.78,23.57,250.86,27.89,12.57
144.88,19.22,65.11,78.24,15.99,336.59,16.66,13.17
80.61,21.06,60.02,33.22,10.55,132.17,108.41,12.48
464.85,20.53,25.55,74.25,29.26,733.98,40.13,22.39
404.06,41.82,27.19,45.86,20.57,542.9,123.01,16.42
316.7,34.63,68.07,25.23,13.43,184.82,149.34,12.64
435.73,19.56,47.28,57.68,9.85,254.52,11.49,15.89
401.84,28.21,93.38,54.42,22.47,192.28,70.96,21.63
93.29,33.46,52.53,79.18,8.78,651.33,120.31,11.57
446.28,17.5,31.46,24.88,6.81,184.79,118.34,12.66
269.67,41.47,77.18,55.4,16.84,778.85,114.0,14.9
403.72,39.11,43.47,8.9,10.12,118.46,52.35,9.84
448.05,30.16,62.04,13.52,19.61,324.44,68.08,14.45
159.0,44.01,75.83,5.29,5.3,901.6,89.25,3.5
55.03,27.53,92.02,79.96,20.34,746.68,146.09,16.22
113.97,44.52,83.38,65.17,9.93,165.67,49.13,8.05
213.55,35.04,74.11,64.0,2.01,839.01,138.47,9.07
409.01,34.04,74.37,43.23,5.55,543.73,40.4,10.07
430.37,19.98,95.67,27.51,28.14,862.1,148.36,20.6
3.48,41.46,43.67,16.34,26.29,640.67,100.54,10.26
255.37,27.82,20.09,26.35,8.54,713.65,69.53,8.58
208.71,19.87,41.76,33.2,23.79,994.15,92.01,12.39
111.05,15.38,37.43,61.72,19.04,309.1,40.88,13.11
59.93,31.79,72.95,45.47,29.19,661.55,41.13,8.11
168.81,30.82,70.7,10.81,12.46,514.29,17.03,4.3
471.45,36.58,67.48,6.35,21.08,135.51,17.11,14.19
161.6,41.71,21.3,12.67,3.78,113.02,52.15,3.84
259.4,17.38,78.3,35.79,13.09,207.31,114.43,13.66
351.51,36.94,45.88,74.99,28.99,684.18,91.2,19.23
181.81,20.62,73.2,52.81,17.09,610.45,15.39,11.28
485.89,40.75,64.53,65.14,10.06,598.09,127.84,17.36
481.22,39.57,47.42,39.98,5.37,128.67,90.21,14.4
125.89,31.22,30.77,32.12,21.7,522.37,144.13,12.1
248.62,36.31,27.55,13.13,20.06,932.16,100.53,10.08
150.44,24.43,86.52,70.69,12.47,457.83,26.28,9.94
142.42,29.14,93.47,63.74,28.63,662.43,71.07,15.65
18.44,39.65,71.98,17.61,2.62,801.84,97.27,2.0
304.78,28.78,28.27,43.42,10.5,805.53,4.24,6.82
251.34,25.73,52.16,41.55,27.79,567.35,2.24,14.37
25.74,29.83,78.32,51.88,10.99,872.16,19.41,2.0
139.32,39.85,82.39,75.96,9.06,452.24,37.75,11.18
454.13,25.06,29.46,48.48,16.96,899.82,64.43,14.93
119.78,20.21,20.0,45.52,25.07,316.2,73.12,14.81
72.45,36.36,76.97,8.77,4.89,352.19,20.7,2.19
244.73,39.78,48.53,9.72,28.4,147.81,101.01,14.11
492.83,18.02,40.36,19.05,24.26,816.02,89.42,16.02
121.03,22.2,21.03,7.44,7.08,475.35,44.17,3.5
336.07,19.26,63.22,60.75,21.94,306.2,2.05,17.11
380.81,25.44,88.09,59.25,12.78,308.61,11.65,12.83
118.82,28.51,96.61,15.2,13.26,911.26,58.75,5.46
364.11,37.46,65.26,67.71,23.93,850.52,23.1,14.2
183.89,34.53,61.16,16.61,28.96,598.18,56.52,12.95
316.15,33.63,26.8,27.59,5.55,654.5,94.23,10.37
316.76,25.57,63.91,23.67,13.78,526.89,82.09,12.56
267.89,40.24,50.4,32.92,15.47,452.5,34.68,9.53
45.14,29.14,68.57,24.1,12.54,923.93,51.57,4.71
417.65,44.37,51.1,41.67,12.17,213.05,92.1,15.16
160.39,34.02,39.22,35.56,3.46,476.6,129.13,8.63
93.26,18.79,27.6,78.99,21.2,410.11,112.98,18.41
20.39,35.29,45.19,9.19,14.21,548.34,83.01,6.7
295.45,24.75,27.73,15.66,7.45,511.87,54.34,7.03
338.78,35.59,34.15,8.96,24.85,567.0,54.76,13.41
8.29,17.09,98.99,51.94,24.47,225.93,131.91,15.9
256.05,20.25,55.53,9.09,15.62,561.83,5.89,5.9
113.25,40.67,62.55,67.73,10.36,318.18,148.2,13.04
322.59,21.82,89.89,43.4,19.87,265.9,99.66,17.0
87.18,40.11,99.65,44.53,10.07,158.35,102.17,7.85
345.47,23.38,66.62,47.12,8.61,786.39,5.7,8.91
193.37,34.29,85.0,17.81,22.45,484.7,90.83,8.84
468.36,35.82,46.16,19.83,3.13,663.98,72.72,11.43
68.76,30.38,44.46,28.91,4.65,754.83,15.87,2.87
170.53,24.16,52.22,49.51,2.19,711.38,41.69,4.59
56.74,21.38,73.8,20.76,6.28,523.45,133.55,6.9
462.35,16.0,74.58,13.72,3.93,449.11,82.5,10.48
438.67,24.12,45.22,77.76,29.88,438.36,62.01,22.07
128.97,34.59,30.66,6.65,10.09,676.04,10.9,2.23
329.99,43.15,70.59,65.2,6.18,545.31,107.12,12.1
408.61,41.14,30.27,64.1,8.75,864.22,105.43,12.91
277.6,37.98,66.28,27.29,28.21,887.23,92.11,14.68
264.83,38.65,75.47,15.17,16.56,253.5,76.54,9.52
120.93,34.95,76.05,15.92,12.21,222.61,65.07,7.38
46.55,22.81,80.28,57.31,26.45,667.36,88.99,14.49
448.61,42.22,89.83,53.21,13.06,371.1,35.01,13.52
450.21,35.12,60.0,63.71,11.38,116.71,141.19,19.0
316.55,31.81,78.42,75.31,7.8,899.78,88.32,13.21
169.51,18.33,69.53,56.89,12.58,304.21,46.68,10.81
174.6,28.41,34.93,16.69,10.87,936.35,67.45,5.56
362.98,28.81,22.06,23.26,20.96,745.69,120.85,16.61
448.56,40.94,42.76,68.16,10.11,786.39,24.24,11.4
443.54,31.4,55.44,20.7,18.16,281.32,43.93,13.98
389.94,26.41,69.37,10.44,3.84,310.77,101.93,9.43
321.02,44.3,88.0,57.75,7.36,569.14,47.32,10.9
42.07,18.32,35.7,35.19,13.41,254.89,118.88,10.65
80.81,27.68,30.04,74.0,28.23,374.89,19.57,16.45
449.28,16.26,97.08,53.77,12.56,389.32,114.4,17.52
303.21,37.2,28.64,11.78,20.59,243.67,10.25,9.24
4.6,42.54,58.28,76.09,9.14,284.66,1.89,6.98
50.74,23.4,66.85,24.39,5.56,809.7,134.73,5.27
331.75,40.75,63.31,30.29,3.64,250.48,87.2,9.87
2.53,23.77,26.88,35.17,10.55,125.61,52.77,3.69
80.4,42.32,24.56,8.84,6.41,666.42,34.89,2.0
274.37,37.62,28.44,42.24,6.87,978.38,92.53,7.26
345.95,39.15,66.85,14.25,23.3,398.09,76.35,12.71
325.98,15.54,63.55,35.07,2.44,206.79,148.74,12.23
112.13,43.88,38.7,31.3,17.62,613.35,147.48,10.92
356.09,36.8,71.02,62.96,12.62,915.72,95.25,13.05
118.62,24.14,85.61,65.24,16.18,805.66,66.43,9.25
162.7,39.88,23.33,16.51,17.76,660.26,73.67,8.67
373.25,23.45,59.85,32.49,10.77,383.55,102.37,15.0
324.82,41.18,75.14,33.0,10.26,587.69,15.24,7.64
424.61,18.38,40.18,16.36,22.54,182.12,49.25,16.86
328.81,36.11,44.62,64.88,26.4,711.05,11.29,16.48
284.15,31.22,69.09,58.04,7.39,752.59,11.0,8.85
46.84,17.9,91.83,19.28,4.73,968.53,29.38,2.55
183.86,22.26,84.79,32.5,27.14,334.36,72.79,14.72
132.6,15.37,66.65,12.94,11.8,116.61,117.72,9.76
121.99,29.06,78.42,52.12,17.44,591.05,72.82,12.14
486.51,24.04,49.19,14.1,12.07,736.11,50.32,11.37
196.55,32.95,71.28,78.95,5.52,811.37,12.35,7.73
446.02,23.92,57.29,63.55,18.5,274.37,82.54,21.53
315.57,24.0,35.19,34.27,16.7,335.58,40.69,12.42
397.41,37.3,76.14,48.39,7.68,561.33,92.24,12.61
251.32,16.44,64.52,73.35,14.65,397.54,146.58,17.04
288.45,42.09,48.69,46.56,24.31,874.46,16.7,14.19
246.26,40.57,92.91,18.09,18.53,526.38,31.82,8.36
97.62,35.03,21.67,33.4,4.71,819.62,70.96,3.22
361.23,32.8,45.26,68.24,17.34,622.56,145.29,18.21
140.39,41.77,24.55,53.32,21.68,795.78,115.77,12.54
12.16,20.56,81.32,53.8,24.2,399.41,134.73,14.84
322.74,17.37,76.17,70.01,19.62,848.27,50.06,14.42
88.56,22.19,46.51,72.05,6.27,347.12,148.81,11.1
470.23,38.84,74.05,73.98,21.88,591.49,15.42,16.0
476.96,16.04,51.67,12.11,20.97,292.61,7.95,16.15
457.43,32.48,80.5,45.81,2.68,527.97,128.34,13.75
185.08,44.86,56.33,60.54,13.53,386.36,139.09,15.24
7.73,40.67,52.98,61.77,11.32,340.03,13.59,7.58
464.16,30.64,94.78,50.5,20.74,970.29,17.01,15.73
214.09,16.91,40.07,17.51,8.05,244.07,4.98,3.68
483.33,39.94,29.64,64.81,18.54,808.59,15.68,12.84
481.81,32.97,66.76,59.01,27.57,985.75,31.41,16.3
426.5,18.45,97.55,11.46,24.34,117.91,145.51,19.7
147.22,17.82,50.23,39.79,27.8,729.12,100.18,14.96
192.55,42.29,24.96,18.05,29.4,327.62,116.78,15.33
425.57,35.08,47.14,30.31,2.3,136.44,116.42,12.23
158.46,39.88,60.47,6.36,19.44,462.6,80.26,9.1
84.75,41.37,32.95,35.02,13.56,941.7,119.62,6.9
278.4,32.15,72.65,46.24,26.08,110.59,89.37,15.92
468.08,30.52,99.82,51.47,9.05,629.1,47.18,10.96
348.01,27.91,56.14,54.76,29.47,551.26,84.17,19.02
285.03,24.51,48.38,67.72,19.18,886.05,80.03,14.54
48.59,28.04,52.06,21.16,24.22,175.6,123.52,12.38
307.5,38.22,29.21,14.04,4.4,713.37,147.26,7.81
495.03,33.06,90.66,68.87,7.14,712.1,61.66,12.04
70.04,41.78,53.19,16.75,23.24,702.17,114.51,10.05
259.16,28.3,50.98,78.11,2.62,948.1,14.96,5.15
438.69,33.21,72.78,68.19,24.87,840.78,116.52,19.36
370.38,33.94,55.36,42.57,2.39,137.78,55.71,8.21
348.51,32.75,71.86,78.61,20.4,523.97,5.91,14.97
351.24,36.08,24.92,12.3,12.22,458.16,54.49,8.03
179.75,22.12,85.1,27.73,19.12,379.13,91.6,13.74
146.8,30.37,95.24,52.87,21.49,506.2,17.89,11.61
404.68,18.13,71.9,31.25,11.59,445.77,138.61,15.4
405.06,26.54,96.37,74.63,5.02,489.1,11.65,10.03
433.54,29.63,32.11,9.92,3.95,981.34,139.5,9.31
456.62,34.57,58.19,46.21,18.49,179.77,106.07,19.64
255.67,43.52,68.14,49.31,16.58,930.01,49.46,9.84
250.76,33.02,66.54,53.95,22.78,532.21,58.61,16.54
399.15,37.31,52.12,24.17,16.27,661.37,111.12,14.1
324.98,30.19,47.05,32.34,13.83,847.16,90.22,12.11
350.98,34.02,30.15,68.28,13.15,424.42,100.75,16.12
397.9,17.13,51.34,19.62,2.74,487.38,58.37,8.84
445.0,22.63,33.01,67.02,11.4,468.57,73.17,14.99
169.0,25.86,78.75,47.2,29.33,437.26,148.48,18.92
187.79,29.17,36.71,62.16,26.46,932.98,32.09,13.56
46.99,16.37,24.69,58.52,11.22,846.04,62.68,8.03
289.14,19.2,64.19,20.56,18.46,198.1,43.77,13.05
17.97,23.3,67.62,47.66,25.72,197.31,114.77,17.04
232.8,44.15,89.75,70.08,14.36,485.08,114.6,12.85
271.32,24.94,66.16,37.41,2.5,188.79,43.87,6.52
143.27,29.46,47.64,77.49,4.09,657.18,12.21,6.44
295.42,20.88,84.24,38.92,16.29,229.32,1.71,10.48
15.25,33.32,63.22,15.71,29.14,570.14,64.12,14.36
18.67,23.42,26.34,34.21,21.41,106.5,61.55,11.99
411.3,21.21,65.27,76.38,3.99,384.94,148.26,16.91
180.1,30.5,92.64,28.98,7.3,709.47,70.47,5.41
63.53,15.17,51.71,70.11,23.6,535.64,38.46,12.88
261.12,15.23,43.71,71.09,25.56,980.44,133.68,19.25
385.0,21.57,31.48,31.26,19.3,886.69,73.66,13.48
107.91,16.1,32.12,11.24,20.04,423.16,89.88,10.08
311.45,18.24,54.62,59.34,2.79,140.94,14.35,9.17
42.67,25.17,67.65,28.36,25.2,861.06,57.44,10.94
25.84,39.08,26.45,63.72,24.07,920.11,141.63,15.6
265.68,32.16,95.17,38.2,9.25,838.56,88.43,9.16
270.32,30.38,80.41,41.4,21.84,215.15,51.68,13.09
318.71,23.8,66.93,63.34,8.02,998.12,93.85,11.87
363.05,42.95,86.28,33.68,3.13,332.73,136.56,13.08
487.93,26.91,26.41,38.23,7.63,751.78,41.1,11.98
258.15,17.61,58.15,33.21,7.0,917.23,75.77,8.34
161.48,33.51,70.41,32.55,11.46,312.12,143.8,13.57
397.59,18.42,86.29,44.45,13.72,917.43,25.86,10.83
135.42,25.36,82.68,65.66,16.24,378.53,107.95,15.26
219.49,30.22,42.17,32.13,15.35,978.77,92.17,8.68
39.23,41.23,95.27,44.32,9.58,353.13,101.95,8.44
12.68,29.81,29.95,55.3,2.82,958.09,52.68,3.98
481.32,36.07,90.01,25.21,18.94,148.19,47.08,14.65
417.99,44.78,97.68,25.81,13.08,738.34,102.63,10.79
347.99,18.94,34.17,75.01,10.36,578.9,32.33,12.99
204.48,23.24,77.77,59.27,26.27,530.09,62.95,15.97
86.65,26.84,23.22,48.29,22.91,301.14,28.23,12.54
78.22,27.65,52.43,53.58,26.02,735.04,1.25,9.75
125.12,27.33,61.3,7.2,15.86,271.73,145.51,13.43
274.61,42.23,66.45,51.36,5.67,597.56,64.76,6.75
357.3,36.42,94.87,43.21,21.49,327.92,145.4,20.53
330.1,33.24,73.78,45.93,7.77,960.06,21.05,5.77
139.97,24.28,58.5,31.96,14.35,125.77,88.11,9.33
477.43,39.71,84.77,11.11,3.82,279.76,30.15,7.77
368.95,43.65,96.04,19.5,25.11,318.08,118.51,16.86
277.18,39.64,21.77,76.31,5.53,472.66,117.56,11.69
305.86,15.05,98.6,35.65,27.29,309.46,16.89,13.66
209.8,34.09,26.89,40.0,26.2,542.21,136.81,17.11
123.87,16.53,85.15,8.95,15.01,885.22,29.19,5.8
177.99,22.73,42.43,7.82,22.84,740.86,91.95,11.57
378.92,16.79,30.57,58.79,19.34,621.97,147.85,19.81
7.2,33.11,55.19,45.36,24.49,180.1,132.36,15.8
58.04,35.6,71.52,43.15,14.09,724.59,143.48,10.28
23.0,18.43,50.48,23.23,24.0,249.77,51.39,9.02
20.36,26.52,24.37,60.86,14.95,807.73,15.84,4.78
427.73,28.69,67.96,17.62,28.35,325.05,28.25,15.9
351.83,26.07,92.19,19.25,15.62,475.34,75.07,11.89
237.09,18.63,50.66,39.55,14.95,415.42,118.98,15.14
48.92,27.57,37.31,26.47,23.98,872.93,22.52,8.18
245.81,37.54,55.41,23.56,25.0,213.89,98.96,16.28
236.74,17.13,23.87,53.39,17.53,609.08,48.54,12.27
86.6,17.41,85.64,53.82,7.03,227.86,51.18,6.68
216.93,25.64,86.11,66.84,15.1,734.32,99.29,14.13
199.25,43.25,67.04,36.33,29.11,914.57,70.05,13.69
307.93,35.06,48.25,10.48,23.08,491.15,121.8,11.83
317.55,35.36,83.98,25.52,24.71,539.28,23.39,11.46
22.65,25.86,64.37,78.5,2.92,934.68,118.49,6.52
187.31,32.81,86.07,49.72,15.1,568.89,9.64,8.68
312.93,15.3,70.52,58.23,20.11,538.84,29.11,13.67
251.57,34.08,82.75,5.55,25.24,620.5,98.42,12.76
428.24,42.4,67.89,43.87,3.38,720.31,128.24,10.99
329.35,33.38,53.13,7.81,25.87,196.2,37.9,13.49
81.47,41.21,96.64,47.69,17.36,839.0,49.08,6.8
35.28,36.72,63.29,74.06,7.52,491.95,80.57,7.74
321.21,18.62,68.41,77.63,10.88,165.11,31.74,13.22
13.26,42.07,37.64,45.54,9.89,807.56,121.67,7.29
292.89,16.99,70.05,39.37,16.86,439.25,116.05,16.17
470.12,31.02,65.73,75.88,3.45,190.33,21.79,11.96
287.74,19.26,34.79,55.52,6.44,670.4,69.57,11.97
194.08,15.35,24.77,9.87,24.76,892.12,116.22,12.3
321.64,27.66,68.35,39.93,5.71,898.98,50.6,8.9
229.13,23.85,81.1,23.02,8.54,961.9,94.97,6.25
272.81,29.58,61.87,40.24,14.69,880.93,7.53,5.32
470.73,32.32,38.14,39.16,16.48,101.93,91.3,18.07
193.05,16.31,73.32,48.66,23.38,442.22,22.9,13.6
480.6,18.69,26.41,31.76,14.53,836.69,124.59,15.58
452.68,31.76,55.35,17.32,24.12,429.63,53.32,14.67
97.9,25.3,33.07,42.78,19.31,641.39,42.23,9.47
34.68,36.88,34.76,67.27,5.17,645.69,126.13,7.72
50.39,34.57,36.18,54.8,6.38,428.52,7.52,3.87
9.11,40.37,50.94,30.38,14.24,914.03,59.49,5.26
47.22,35.77,24.09,75.16,13.11,552.91,55.5,9.75
341.5,27.9,51.82,73.42,22.82,518.31,42.72,17.96
35.59,35.19,60.94,20.7,18.26,997.76,136.76,8.02
159.49,23.26,58.66,7.96,12.87,544.15,112.64,8.29
422.44,24.19,50.62,60.6,6.78,260.56,9.59,10.31
11.64,38.67,87.13,67.07,8.35,561.76,107.2,8.13
407.23,28.39,31.63,77.59,18.11,832.62,79.09,13.08
140.93,38.95,60.46,71.74,13.86,799.17,135.13,12.26
59.08,39.67,24.96,50.04,16.42,809.72,46.94,7.19
348.37,40.73,25.69,44.75,6.78,737.22,86.12,10.31
314.47,42.5,65.91,7.09,20.56,328.8,75.11,11.72
438.74,27.93,65.28,23.5,25.87,875.88,73.43,15.97
367.54,24.57,90.24,39.47,9.22,904.1,68.42,7.17
401.74,32.47,64.63,52.14,15.76,274.74,30.84,14.16
141.02,26.14,96.78,46.79,29.31,217.41,113.36,16.46
88.72,33.03,23.9,60.7,11.33,978.04,67.7,5.85
375.31,36.17,27.84,25.98,18.66,881.49,143.78,14.43
403.42,35.65,23.53,47.37,4.53,903.91,39.12,9.12
495.25,26.24,34.82,11.61,18.97,897.74,102.41,14.64
206.31,20.01,63.3,36.02,4.51,587.52,141.11,9.87
186.01,27.92,71.65,61.26,28.86,681.76,99.52,17.63
388.21,19.28,23.65,57.01,22.04,590.83,130.69,19.14
170.4,41.7,95.68,79.3,24.07,146.09,124.12,18.97
465.38,25.38,87.37,25.84,21.71,770.95,54.02,14.97
429.21,19.63,43.73,42.36,18.51,554.8,90.02,15.04
214.5,15.76,26.18,29.71,14.6,682.94,23.44,8.83
375.44,34.37,33.59,38.05,26.03,552.38,80.33,16.61
377.27,34.11,30.16,69.27,28.79,542.63,34.56,19.78
51.56,25.22,29.86,56.32,15.97,254.61,111.56,14.21
451.28,17.15,61.48,71.18,28.08,350.84,79.21,21.19
252.63,27.29,39.67,20.26,18.33,242.97,61.68,11.26
413.23,24.34,48.65,70.5,17.07,276.1,40.32,16.08
160.02,35.31,99.16,9.48,14.73,975.68,149.8,6.46
447.76,33.17,74.75,71.64,7.86,237.8,10.76,11.78
194.6,25.94,95.92,29.68,2.1,342.34,6.53,6.55
5.42,21.54,31.4,28.59,8.76,631.53,32.59,3.87
452.69,44.64,50.57,43.41,16.27,649.16,145.66,19.26
45.64,28.62,64.38,75.55,12.64,238.58,146.89,15.64
159.66,35.65,26.14,8.58,14.56,814.35,98.24,6.18
475.03,19.22,20.33,31.42,29.46,806.68,132.02,20.58
475.3,29.57,73.63,69.24,11.81,313.59,32.09,16.06
286.72,15.83,71.35,34.7,14.66,359.8,145.81,16.34
315.92,30.16,52.86,19.94,5.74,944.19,21.42,3.22
224.22,43.92,59.17,36.86,3.34,843.1,15.17,2.0
146.61,26.53,53.24,33.92,23.71,728.02,16.83,13.59
164.33,16.17,21.92,73.66,17.98,174.01,85.97,16.42
336.26,15.93,46.83,62.15,23.3,476.44,117.15,19.76
376.19,26.64,34.17,42.88,6.2,603.37,55.0,9.83
395.79,19.8,27.87,79.13,18.01,268.67,146.68,22.08
394.81,15.7,96.54,39.9,9.1,503.4,65.16,12.25
45.6,37.69,67.95,9.37,8.39,640.92,22.57,2.37
247.21,28.76,78.29,24.67,2.32,394.64,69.9,6.12
28.78,23.68,45.23,37.71,5.65,802.85,101.86,3.71
274.76,42.0,51.45,16.77,10.66,856.4,124.83,8.47
220.77,18.48,38.95,76.07,5.27,391.25,68.82,10.95
443.85,43.68,27.76,62.51,29.6,854.79,89.04,21.69
175.46,24.42,34.32,25.12,10.64,193.22,40.1,9.38
58.53,41.65,83.8,49.31,5.65,853.96,96.89,5.31
71.5,33.09,74.2,59.11,7.57,237.48,147.9,10.23
380.76,39.8,63.75,75.6,18.46,174.63,7.36,14.35
309.11,44.52,58.01,71.12,3.79,677.6,132.98,12.05
50.56,23.65,93.79,43.64,26.15,524.74,84.34,13.9
42.05,43.83,25.82,63.1,28.92,917.1,37.81,11.0
350.48,26.68,42.45,47.16,8.91,426.87,143.23,14.26
36.38,26.57,48.0,46.45,14.6,358.44,72.5,8.8
410.93,25.21,82.59,13.61,2.62,550.66,49.75,6.67
353.12,31.24,99.4,14.46,19.94,510.35,27.22,8.06
40.67,19.62,39.25,44.72,13.59,409.99,36.67,6.47
42.42,31.61,89.94,25.16,9.56,724.37,124.93,5.76
493.32,31.25,86.45,6.58,7.79,783.61,92.16,11.09
187.14,37.86,37.97,59.21,20.31,867.69,136.99,13.79
185.32,40.01,51.95,7.44,13.65,975.57,34.8,3.86
406.4,28.21,52.77,49.65,7.03,339.99,18.17,10.76
473.62,24.07,98.26,45.44,21.3,744.48,0.91,15.61
493.0,22.78,34.47,77.66,17.82,454.83,76.18,21.45
376.69,20.84,83.93,41.32,26.04,709.37,149.75,20.11
188.13,16.73,46.74,9.77,5.29,528.38,104.24,6.1
41.75,25.27,78.47,46.38,24.0,994.4,46.26,8.55
388.57,23.11,53.6,68.08,20.86,756.01,131.53,19.37
279.2,43.99,66.27,79.76,5.22,957.24,117.26,10.54
212.11,31.73,86.61,37.28,21.45,851.47,2.31,9.44
453.18,25.42,84.33,29.02,14.36,912.61,122.53,14.63
55.6,32.41,89.31,73.0,28.46,832.98,45.08,14.2
246.31,19.18,24.77,19.34,5.97,513.24,22.45,6.73
5.68,28.32,75.36,51.16,20.0,326.61,33.95,12.05
234.33,33.79,31.2,35.43,12.7,433.29,70.29,10.33
28.15,29.67,53.27,8.08,28.79,118.21,63.73,13.06
59.41,27.05,63.89,31.05,11.24,571.59,43.33,4.98
58.76,44.82,52.22,24.89,28.94,554.55,25.83,11.0
324.61,41.41,61.57,56.46,27.24,572.73,114.33,20.41
373.02,33.7,99.72,76.16,9.57,976.63,148.52,16.6
291.68,32.08,30.82,25.1,24.5,920.31,116.67,14.45
481.09,33.62,74.04,65.86,29.88,245.54,44.39,21.25
187.44,21.04,51.68,9.15,9.07,431.99,36.72,3.74
142.86,26.85,30.64,45.36,14.23,481.56,32.65,8.74
434.3,16.18,32.7,10.29,16.57,424.48,20.5,13.29
111.8,29.27,95.94,75.05,10.26,818.65,82.7,9.47
481.61,31.29,90.37,62.48,2.43,571.63,90.81,13.8
6.08,21.83,92.56,54.35,8.16,614.89,105.83,8.99
484.94,43.92,99.32,66.79,9.89,867.71,102.03,14.15
21.58,42.28,36.67,53.56,14.42,825.34,43.85,7.57
445.57,36.66,48.44,77.67,6.79,218.99,49.55,11.06
263.85,31.0,73.54,58.55,26.45,742.52,102.23,16.0
496.48,41.1,58.7,74.35,21.74,491.89,52.42,17.98
36.9,18.92,53.47,43.78,4.39,365.18,31.89,3.48
276.93,38.72,48.62,13.78,20.2,145.02,56.15,12.46
484.65,18.74,67.5,44.61,20.3,538.52,40.81,16.83
261.55,38.83,66.05,14.52,28.77,419.89,13.25,12.54
314.7,23.27,32.92,49.44,2.08,326.36,124.52,12.63
347.87,41.31,57.74,41.19,8.94,725.2,127.97,10.65
227.27,43.32,64.28,51.69,27.98,792.54,32.96,11.86
313.78,19.46,65.62,5.75,28.1,320.31,9.72,13.61
292.16,28.88,36.81,19.61,22.18,144.5,110.82,15.37
450.58,44.43,79.38,41.85,23.44,863.88,31.73,12.02
22.72,29.5,22.02,76.29,4.56,108.96,59.02,9.66
140.48,40.91,48.39,33.77,16.39,943.4,9.62,6.78
475.21,32.66,82.42,36.83,8.48,664.86,33.94,11.98
445.13,26.26,65.11,58.6,7.07,389.66,118.94,15.95
227.83,23.57,40.89,50.28,24.69,321.83,120.66,19.19
310.07,21.1,75.6,27.42,5.78,108.11,31.06,10.27
138.69,37.85,65.39,35.81,15.12,311.92,50.39,8.34
94.06,26.6,83.7,21.33,28.28,223.96,20.14,12.93
231.85,30.34,78.8,77.45,7.2,650.95,11.13,8.85
176.68,29.77,68.81,14.8,29.38,249.89,148.83,18.68
291.83,32.32,59.05,32.89,29.84,575.77,98.34,17.69
38.87,40.97,30.65,6.94,17.56,631.1,81.31,7.52
487.2,44.42,40.91,21.63,6.76,368.24,114.82,12.57
493.11,27.23,53.53,63.54,10.85,131.56,126.01,17.65
349.08,39.83,67.94,20.09,13.89,133.53,121.01,15.76
268.05,37.94,61.1,11.0,10.66,123.71,2.48,5.2
154.76,32.21,43.05,40.58,9.86,765.21,28.02,6.97
406.9,43.68,20.52,5.75,29.22,386.21,98.24,16.88
342.37,21.01,59.7,11.36,6.29,816.67,56.36,7.6
81.31,18.28,42.85,65.57,22.53,488.56,147.37,18.74
455.46,40.62,78.77,62.86,2.01,507.7,99.81,13.01
411.27,28.17,21.92,73.64,18.69,561.59,143.48,21.3
474.9,40.41,66.79,69.09,27.65,741.73,30.22,19.06
362.86,41.79,95.32,56.24,10.06,346.15,129.59,12.76
306.71,16.87,33.95,8.92,7.19,209.43,48.2,8.22
209.12,41.5,57.73,63.71,20.25,600.45,148.43,15.44
466.36,28.45,27.31,68.41,21.95,394.28,23.65,18.3
433.03,30.31,70.05,64.93,21.26,498.24,77.45,17.35
22.61,33.8,64.04,43.14,10.94,682.25,118.93,6.54
13.18,42.79,52.59,22.47,9.06,544.71,64.9,5.37
188.23,15.57,61.71,68.4,28.77,658.25,70.21,19.04
405.28,29.31,91.73,59.54,27.85,589.78,147.95,22.68
493.64,35.63,35.7,78.56,14.8,765.82,63.8,16.8
75.21,36.68,21.81,16.68,25.69,735.34,90.61,10.01
297.07,35.78,88.93,21.92,14.67,580.77,8.18,8.24
190.45,19.03,66.17,20.88,13.88,711.01,126.33,9.83
484.96,23.98,91.25,64.44,6.39,886.2,97.23,15.0
421.06,25.76,67.76,19.02,13.94,489.04,60.6,11.59
419.16,39.13,84.81,10.0,17.05,471.49,2.43,8.8
234.35,23.36,54.37,79.89,2.63,787.82,88.75,10.08
207.41,21.32,79.99,6.86,14.44,624.3,1.9,4.52
136.7,43.72,93.04,67.64,23.88,163.91,0.18,13.38
28.19,15.27,65.77,32.4,21.04,902.9,92.41,9.06
432.36,44.93,34.46,68.12,19.78,127.7,28.35,17.8
406.45,35.3,41.5,46.6,27.47,773.56,28.78,17.19
499.86,39.85,35.89,72.62,2.5,782.91,97.99,12.12
498.32,23.84,39.75,74.46,17.6,957.8,8.05,14.73
277.72,15.43,44.51,5.68,24.05,148.72,47.01,14.1
384.49,37.14,64.41,10.66,17.16,637.17,22.41,8.59
472.38,40.02,67.04,23.78,11.07,485.06,87.03,12.96
424.82,37.21,54.12,55.2,5.82,397.57,99.26,14.01
123.67,19.29,69.23,71.62,26.85,181.29,108.17,20.92
225.27,37.6,26.53,39.5,15.18,606.39,38.28,8.35
64.58,38.07,27.02,50.52,26.59,531.14,13.39,9.69
477.03,34.76,33.75,19.14,18.4,194.1,11.8,12.72
303.09,37.98,61.45,65.37,20.88,651.24,63.92,13.97
114.32,40.38,37.12,77.55,24.52,764.16,141.88,17.78
335.85,33.41,42.66,25.14,20.46,790.55,32.66,9.29
309.06,17.66,52.03,42.11,13.15,914.84,38.51,12.4
179.08,29.63,84.95,11.46,16.38,468.52,15.13,8.14
56.78,17.33,21.11,46.94,24.49,957.77,90.84,12.13
335.79,27.23,71.95,42.71,12.46,878.89,101.98,13.06
260.15,27.21,73.51,15.83,12.87,366.85,96.44,8.74
386.16,16.98,83.89,38.15,4.68,243.35,129.17,16.85
260.08,25.46,94.62,30.06,27.61,491.85,72.96,14.94
426.09,18.33,21.61,44.14,4.55,461.71,20.17,9.41
275.95,39.25,32.3,48.92,20.15,618.15,43.41,10.18
280.47,43.43,90.89,5.64,13.57,625.05,99.36,9.29
438.33,17.17,56.68,62.08,13.36,774.99,91.97,14.61
201.74,43.65,65.17,58.48,21.03,558.9,79.65,13.95
67.01,30.68,73.04,32.47,3.88,194.34,102.44,6.09
14.39,23.99,74.33,8.97,18.62,872.46,95.61,5.29
377.57,17.31,94.54,61.62,23.62,378.79,132.2,20.8
310.15,30.02,99.76,76.64,25.19,974.17,87.9,17.99
352.04,38.84,77.61,23.01,6.77,206.07,116.79,9.86
106.48,36.21,42.98,29.26,27.13,962.43,37.31,8.37
68.19,16.51,90.38,18.79,20.37,181.91,101.73,12.97
7.27,17.19,23.94,48.27,26.69,307.93,135.33,19.76
175.29,27.09,38.49,16.61,15.59,141.92,57.86,10.38
294.96,23.86,91.79,31.71,17.18,734.6,116.87,12.42
196.12,21.97,40.5,57.28,27.73,865.27,108.72,16.58
218.74,23.43,37.65,47.01,27.2,490.66,8.93,13.82
452.08,39.1,31.05,33.98,14.55,935.67,87.23,11.96
174.13,42.88,88.73,36.52,9.68,631.27,19.53,6.12
256.99,27.15,60.0,47.16,13.01,667.01,145.1,14.22
391.83,42.18,73.99,5.44,12.86,860.88,121.71,11.22
198.27,24.64,39.13,10.89,10.03,367.12,16.46,4.94
311.04,29.29,80.64,71.09,9.52,418.84,18.26,12.87
431.18,21.78,80.8,10.84,26.11,915.36,89.17,15.09
474.76,34.21,45.01,58.01,3.96,910.87,51.73,8.7
73.54,44.37,52.85,74.0,20.97,978.83,5.24,11.05
463.29,33.1,36.78,25.3,6.84,911.65,81.25,7.13
246.06,25.73,98.12,32.79,11.65,214.63,58.18,9.69
129.12,34.43,71.65,47.67,3.72,841.35,15.16,2.0
229.57,18.69,94.76,71.13,9.56,468.85,120.29,17.49
490.02,41.66,44.27,75.64,23.52,991.72,137.26,23.24
246.31,30.09,82.55,60.47,26.78,525.05,113.49,20.63
164.38,28.48,81.27,11.5,8.2,598.45,123.36,6.98
316.7,32.58,75.33,55.19,14.98,576.8,32.47,14.68
120.07,33.74,97.25,35.77,15.17,389.56,39.54,8.75
37.93,17.15,51.48,40.3,26.46,167.52,31.28,13.95
64.44,35.48,30.46,8.69,23.36,906.09,114.76,9.24
64.02,22.26,73.74,19.33,16.37,822.41,142.19,9.46
75.95,36.42,78.34,64.29,20.78,225.57,107.53,14.83
69.41,39.68,66.0,39.05,25.73,799.09,132.22,13.03
320.44,39.12,36.55,27.62,2.27,663.26,95.8,7.76
90.94,31.58,60.36,33.8,13.28,468.23,58.15,8.03
172.83,30.61,44.98,69.08,27.4,328.62,63.86,17.38
448.39,19.29,54.2,61.17,22.73,873.76,11.3,17.38
236.98,38.26,71.62,25.42,17.2,730.17,4.72,3.4
333.78,23.14,79.62,13.81,16.83,592.97,104.32,13.26
86.16,29.9,38.58,23.9,11.74,648.61,65.76,6.71
96.14,23.53,52.43,74.06,16.57,181.96,82.83,15.95
20.43,19.01,41.53,48.62,20.35,526.53,83.65,11.53
84.47,33.89,35.89,45.01,13.71,274.33,41.61,8.79
139.3,16.63,82.67,49.73,22.0,287.55,71.38,15.82
88.51,37.46,92.74,32.45,26.11,695.17,70.61,13.02
44.35,24.53,49.62,65.53,6.33,920.13,58.26,5.19
60.32,15.0,80.1,44.25,14.64,463.38,123.1,12.21
230.39,30.33,91.76,13.76,13.42,286.97,67.67,11.31
103.17,16.41,87.69,14.68,21.25,683.87,90.55,7.68
182.13,23.29,34.63,45.26,9.0,884.07,134.33,9.35
251.71,36.21,96.5,75.24,19.93,773.49,129.94,18.82
345.2,16.88,50.13,28.13,26.57,881.88,133.56,19.01
19.66,40.18,47.14,70.22,13.71,582.9,40.5,8.62
399.71,15.11,24.99,62.31,27.51,776.69,5.25,16.42
313.95,22.4,58.89,23.59,29.81,226.06,39.16,15.51
40.88,37.23,28.72,7.73,4.97,413.45,41.81,2.0
436.79,24.49,39.88,12.64,8.53,450.59,136.4,14.83
460.44,18.06,45.36,59.64,28.61,560.17,97.39,21.69
30.54,25.81,84.71,19.98,28.83,936.17,12.26,7.72
138.44,23.11,90.04,32.85,4.74,886.87,20.31,2.0
403.1,40.28,44.2,42.63,2.42,221.07,23.35,9.35
374.13,24.4,88.7,59.41,6.51,255.51,94.56,13.54
92.26,38.67,88.58,13.49,29.89,421.88,110.31,13.6
104.67,41.76,81.17,35.48,7.04,361.67,128.95,6.48
185.24,28.01,31.74,41.38,16.07,653.29,141.1,11.41
242.26,42.3,75.23,45.56,25.76,912.5,30.26,11.75
309.13,26.32,95.6,66.38,2.57,966.06,46.47,5.94
184.46,43.92,74.6,17.88,18.93,688.24,36.05,9.84
231.27,17.68,46.53,65.59,9.76,854.34,53.81,7.51
373.74,35.61,60.05,56.97,26.15,572.68,137.2,19.77
18.34,29.81,71.66,46.69,9.94,287.49,86.27,8.32
126.22,26.63,60.85,57.46,21.23,572.22,110.73,14.29
356.67,33.98,29.6,35.9,20.88,599.57,73.52,13.05
447.6,36.12,44.97,15.38,8.2,768.21,4.33,4.96
255.84,15.13,84.19,54.93,2.97,297.89,9.63,6.52
266.06,20.01,88.91,44.35,13.46,431.48,80.69,12.41
53.59,36.39,30.98,52.95,10.1,427.62,107.82,11.7
223.71,34.99,96.19,30.35,24.65,963.5,32.3,10.19
266.31,43.98,46.31,73.01,24.41,499.55,108.29,19.93
121.24,37.83,72.99,49.05,14.8,779.58,121.6,11.38
134.62,43.52,80.15,11.41,18.98,775.73,61.78,8.1
188.64,36.08,84.96,38.74,18.92,338.99,111.96,10.51
10.04,23.94,95.66,61.73,25.16,614.68,60.6,12.3
161.04,18.16,45.03,64.56,13.9,904.87,101.75,13.56
105.72,38.45,88.68,42.09,9.71,527.68,114.6,8.22
163.75,34.32,30.53,72.11,9.42,950.61,148.79,14.07
59.88,16.45,76.4,25.08,17.01,293.01,51.81,10.72
445.26,25.8,79.36,35.79,14.58,166.74,61.66,14.59
296.8,43.7,74.22,72.39,14.32,902.31,24.84,9.85
339.55,30.01,40.19,72.22,4.55,862.91,30.61,7.52
394.59,27.98,89.84,56.43,22.12,993.33,104.01,16.21
249.22,28.73,33.51,69.42,7.98,711.45,137.56,11.83
43.46,21.27,24.29,11.66,7.51,943.02,59.19,2.26
268.55,26.06,77.4,69.87,13.56,844.25,26.98,9.02
293.42,26.09,58.04,29.05,8.38,859.98,42.76,7.35
372.72,16.57,87.93,18.37,18.35,612.23,68.26,13.69
215.83,38.03,50.67,22.95,12.4,444.13,43.6,5.49
63.79,27.5,33.46,36.35,14.57,941.1,35.04,7.09
141.89,39.67,86.92,23.84,17.04,488.91,110.4,11.09
181.54,40.51,63.91,29.04,7.7,584.94,1.18,4.32
322.96,21.36,35.14,15.12,6.36,501.5,80.88,7.53
285.39,34.72,77.63,27.21,26.65,608.34,119.07,17.13
178.05,29.17,60.89,47.92,14.14,523.45,39.93,10.85
493.26,41.4,68.35,38.14,13.54,143.17,90.49,16.05
302.89,21.47,56.87,31.0,3.0,893.84,100.34,9.84
118.61,35.33,86.3,60.98,15.94,499.95,98.25,12.45
50.89,33.23,86.37,72.01,17.52,630.05,66.88,12.52
76.43,23.86,76.75,61.76,17.65,225.27,51.99,12.6
122.98,19.1,28.43,29.9,21.8,103.05,125.39,16.22
80.34,34.55,87.11,60.83,6.97,320.76,113.77,8.05
93.28,37.16,73.68,16.4,9.06,734.13,48.19,3.46
142.55,24.47,75.76,14.77,24.7,189.28,15.45,9.72
86.69,34.34,49.04,30.92,28.52,918.0,10.77,7.78
448.38,26.85,90.34,65.58,5.81,293.52,14.14,14.15
40.12,36.4,78.03,23.48,15.93,284.13,87.43,8.34
262.26,20.98,29.01,9.74,8.0,263.36,7.75,4.52
205.2,41.71,52.62,14.88,3.68,112.58,50.54,4.61
491.19,23.62,90.91,69.41,11.11,794.62,112.98,15.41
56.02,26.03,23.78,52.53,6.02,887.53,44.15,5.79
198.93,16.74,96.91,23.99,21.88,652.75,114.5,12.86
484.74,18.35,74.33,46.65,16.94,269.38,111.82,20.05
432.75,30.48,70.51,44.57,6.03,356.75,36.87,12.32
408.54,23.03,41.64,54.16,2.26,528.33,109.32,11.76
128.95,40.06,39.9,22.49,24.63,958.91,112.17,11.64
85.44,15.44,95.36,69.83,6.93,322.62,59.62,8.38
334.32,26.37,43.86,28.2,18.97,758.48,31.56,13.76
464.69,25.12,82.04,57.06,11.43,495.5,78.19,16.55
278.38,15.58,51.45,6.21,18.39,368.06,138.21,14.16
285.81,18.73,31.14,32.95,10.84,510.32,95.94,10.65
139.99,27.41,20.86,31.38,4.43,164.09,25.94,5.04
384.75,29.79,63.54,45.76,8.24,818.82,102.41,11.24
93.52,27.13,98.06,10.46,7.27,318.97,64.08,7.06
161.84,30.93,49.53,64.26,13.98,752.87,88.73,9.98
212.72,32.85,48.58,21.33,20.43,161.51,110.11,14.33
253.81,15.3,47.53,55.78,9.39,959.59,77.24,10.02
121.2,28.92,61.64,65.24,2.34,273.71,122.1,10.06
57.42,43.9,55.25,47.14,16.53,894.47,108.32,8.85
305.31,30.57,90.39,60.57,18.96,828.53,92.26,14.77
144.32,35.33,60.44,54.64,28.96,971.07,22.62,12.97
290.62,24.36,60.62,31.66,18.51,530.1,125.39,15.78
77.18,38.22,31.07,65.66,15.19,754.66,140.39,12.92
240.57,38.19,98.62,27.1,18.06,433.64,20.54,5.63
266.29,30.64,40.0,47.84,27.98,265.93,73.24,18.31
25.91,44.28,25.87,60.9,25.19,498.77,38.83,9.44
168.3,18.77,73.05,33.42,11.04,249.17,113.18,12.43
67.21,15.51,67.63,27.71,8.64,983.84,108.24,7.64
31.69,38.1,53.21,39.45,9.35,186.62,21.13,3.99
494.98,39.21,53.78,66.35,16.12,630.29,131.55,18.84
161.18,18.61,82.81,74.74,22.83,663.82,27.15,13.17
404.94,22.97,35.66,45.88,16.09,584.27,119.59,18.16
127.32,15.53,85.62,54.61,3.9,695.97,68.55,6.94
340.75,23.8,71.9,72.75,22.26,204.56,49.24,20.76
380.11,38.19,53.52,12.39,24.57,599.52,23.74,12.43
297.82,30.54,56.64,22.41,10.11,358.49,25.14,8.13
235.79,25.44,40.53,58.17,20.6,946.16,99.28,14.4
205.92,26.15,80.17,66.78,13.94,785.86,82.56,13.14
174.43,15.04,61.03,69.28,26.9,975.26,18.31,11.57
464.76,23.99,45.67,36.13,25.67,133.8,16.9,17.89
415.31,34.39,67.68,11.7,16.71,356.62,10.85,10.22
482.51,44.23,99.66,37.83,21.36,275.88,111.57,19.76
62.15,40.41,54.82,22.31,26.73,110.04,106.78,13.66
365.43,15.71,93.66,26.84,15.88,318.09,8.76,10.23
469.17,41.96,47.6,62.92,10.77,710.9,84.04,14.27
90.62,38.5,24.38,10.66,23.1,307.98,12.7,6.35
33.25,38.41,36.34,67.07,8.16,558.1,135.56,7.68
370.56,28.74,53.5,37.08,12.88,899.04,136.07,14.31
287.24,26.94,37.57,49.7,26.24,724.38,104.73,18.11
420.91,24.09,20.02,11.72,22.28,455.17,138.93,18.14
69.89,16.97,93.2,30.3,13.31,435.22,121.72,11.97
397.63,21.85,87.51,11.73,8.01,510.16,124.28,10.75
100.81,22.4,79.38,77.12,11.97,259.34,85.46,11.41
81.83,29.52,33.43,65.54,9.95,670.6,45.91,7.55
82.13,37.42,29.63,39.47,6.93,427.74,32.67,4.12
407.29,29.21,25.41,21.77,22.81,867.13,49.08,11.86
332.6,16.74,77.92,75.01,9.06,780.9,94.27,13.87
261.53,43.73,94.3,30.84,14.72,649.46,25.9,7.06
179.42,43.28,54.44,17.07,12.8,427.78,38.8,4.01
438.6,38.56,29.53,47.24,29.5,288.94,70.21,19.88
196.22,44.74,60.99,75.78,12.95,798.54,34.96,8.14
408.3,31.33,47.91,5.29,4.24,537.77,88.3,8.12
219.57,43.88,49.99,22.86,4.52,302.28,138.48,8.05
188.47,17.27,69.71,75.38,18.54,275.66,112.21,19.2
231.34,25.97,77.5,17.83,18.78,248.86,99.96,15.1
150.69,21.76,28.85,13.49,13.73,799.45,87.41,8.17
373.8,20.87,22.85,47.76,14.09,306.09,73.19,13.16
251.36,19.22,99.55,69.64,3.51,573.98,27.98,10.24
116.11,33.67,38.62,40.78,16.46,506.39,134.21,14.32
449.79,38.44,24.31,79.59,16.13,621.65,37.28,15.87
191.95,32.35,35.19,55.94,6.19,889.44,13.7,6.48
271.78,19.41,23.12,10.56,4.91,880.97,112.5,5.98
453.24,39.33,51.34,79.46,5.46,505.97,26.34,9.89
312.12,34.08,84.19,35.59,4.83,113.83,55.78,8.38
58.45,26.64,47.3,26.56,19.07,483.8,4.24,8.65
469.92,35.22,55.53,46.84,7.5,645.57,20.56,8.11
313.85,22.8,74.05,27.82,9.04,601.99,25.98,7.59
167.45,25.36,60.71,11.48,6.86,686.2,8.16,2.19
69.64,42.52,88.92,5.11,28.82,238.67,98.5,11.78
397.01,23.72,89.28,38.72,25.93,681.88,125.55,18.7
310.04,29.1,20.79,67.76,8.45,264.39,56.0,12.84
266.73,41.7,82.24,47.92,11.17,775.47,131.19,11.13
446.95,36.23,56.86,79.94,7.88,405.18,32.0,12.0
394.3,16.87,99.11,26.51,15.77,738.91,48.81,11.97
75.84,19.42,58.66,26.03,2.55,143.08,22.61,4.76
155.86,15.24,98.95,16.98,20.8,467.07,93.08,13.11
124.24,33.93,80.37,17.3,16.65,734.53,62.98,5.99
371.97,28.43,39.89,26.39,27.16,304.18,91.99,16.74
16.77,19.03,63.07,64.46,6.6,815.76,114.25,7.73
284.94,43.74,99.37,72.93,24.52,667.7,81.86,18.99
381.23,30.89,88.6,78.13,24.17,628.81,94.14,20.91
438.38,22.26,27.79,22.42,5.56,418.19,140.29,13.99
171.04,30.02,76.51,71.1,13.16,534.21,44.86,12.08
410.63,35.39,47.65,29.62,6.76,637.61,53.87,9.24
55.32,17.29,20.56,13.46,9.13,525.22,107.66,6.59
423.23,23.24,52.28,70.25,9.37,728.48,91.7,15.63
63.74,39.21,38.78,52.71,17.57,490.33,26.78,7.82
198.64,28.79,85.51,17.35,13.52,282.05,56.42,7.09
398.65,31.4,46.99,37.24,28.54,292.54,70.18,19.88
74.96,27.98,86.2,26.54,5.54,105.22,62.91,7.37
114.63,16.32,20.05,60.26,29.26,370.86,26.74,14.21
361.13,19.97,44.63,39.01,8.46,774.03,138.66,13.94
360.02,28.37,39.29,79.2,23.64,814.75,114.35,21.92
320.57,21.28,38.69,9.11,11.49,282.22,72.2,10.25
346.97,16.5,25.45,31.63,6.01,963.14,102.01,8.26
271.36,40.31,34.97,41.14,26.02,552.16,134.59,17.78
125.9,44.44,64.44,42.74,10.65,925.28,20.43,3.27
172.85,38.79,43.31,28.7,20.45,736.09,37.56,7.92
90.8,40.61,53.39,59.69,17.86,750.19,81.41,11.13
454.23,22.26,50.15,70.61,15.21,176.54,119.85,18.84
291.7,43.82,90.07,75.4,15.88,297.99,5.44,11.07
200.43,20.91,92.42,65.38,22.5,107.93,147.6,20.56
231.0,43.54,59.44,68.79,4.46,744.51,68.24,8.08
473.64,44.84,46.41,46.29,20.71,409.99,53.88,16.74
76.68,36.35,28.54,66.94,27.08,807.99,43.91,14.94
293.11,44.43,96.27,27.76,3.62,405.04,26.15,5.21
252.94,32.09,24.82,34.89,5.94,837.4,118.74,9.18
305.73,22.79,43.81,28.77,22.07,217.63,143.31,17.16
9.06,28.11,43.85,40.05,14.24,256.04,62.05,9.3
436.06,32.81,45.63,26.42,13.3,406.79,142.86,15.12
466.06,17.19,33.14,77.12,5.84,467.64,123.57,17.5
282.57,33.67,82.65,28.46,16.19,413.83,72.16,11.6
348.33,44.44,29.8,12.35,5.54,787.28,101.1,8.07
461.25,20.7,70.79,44.51,15.35,187.26,65.25,15.1
353.62,38.78,29.91,9.28,23.38,416.1,83.81,11.24
76.27,42.24,25.64,13.29,9.23,853.52,8.71,2.0
288.14,43.31,92.75,21.45,15.46,160.12,104.44,13.38
303.36,43.8,35.21,39.83,29.78,948.11,7.92,12.68
212.07,30.64,85.7,37.49,21.23,987.69,122.56,14.51
368.22,44.32,63.57,64.98,25.56,179.71,123.74,22.21
467.18,37.72,26.23,60.46,13.62,362.15,35.56,14.02
462.78,19.85,96.44,36.97,23.5,435.16,48.55,14.54
225.42,29.31,39.76,30.03,3.13,798.75,72.2,4.82
56.62,36.55,88.77,28.74,5.44,636.33,89.5,5.49
492.42,22.42,33.5,63.05,7.69,679.93,43.1,12.53
419.45,34.22,88.32,8.91,13.25,781.76,88.87,10.39
62.33,35.0,21.06,5.96,25.68,206.18,44.67,10.12
460.42,19.88,60.94,64.67,11.7,849.89,8.32,10.89
434.95,31.95,81.56,40.79,20.33,735.06,0.38,13.13
259.42,38.15,94.78,14.82,21.86,619.61,15.17,10.91
295.64,29.97,92.74,22.67,18.41,900.76,118.84,12.14
199.5,15.36,85.57,74.94,12.0,730.28,144.21,13.91
27.38,15.27,91.06,69.46,18.16,281.53,64.04,12.92
167.6,25.71,35.94,58.23,11.58,486.77,76.9,8.4
401.43,42.79,42.73,41.17,4.35,544.64,22.03,7.8
2.32,21.86,43.12,44.02,29.8,149.7,82.65,16.14
166.75,34.03,50.16,78.14,5.56,959.17,21.7,8.04
199.08,21.66,51.47,77.43,4.03,215.72,91.68,12.08
268.7,24.65,63.56,21.15,26.6,727.72,139.99,16.98
459.93,40.44,32.79,65.83,10.45,555.61,29.35,11.72
173.17,36.87,75.3,19.79,20.21,123.07,114.68,13.08
173.48,17.86,33.41,21.02,11.21,932.27,3.53,2.0
368.75,27.86,44.82,55.71,12.96,866.65,56.32,11.68
226.11,15.88,60.27,35.38,9.34,571.83,16.61,6.71
112.3,29.43,83.72,74.87,11.61,306.05,52.87,11.51
226.22,34.87,79.16,11.68,13.5,209.46,26.03,6.76
70.43,18.56,71.64,43.36,22.17,427.05,56.0,11.99
88.19,23.67,32.46,73.89,16.32,329.89,62.63,12.55
249.18,26.94,63.76,72.81,28.42,556.02,45.09,17.34
209.46,42.59,27.0,16.74,3.17,969.77,98.49,3.62
457.42,44.8,50.19,32.5,16.09,617.46,137.83,15.94
181.2,16.35,53.08,51.43,18.36,900.94,60.09,12.15
290.29,37.83,23.18,16.95,27.77,685.79,28.85,11.8
316.13,26.15,41.92,77.6,3.38,527.72,40.61,9.92
6.55,26.77,96.45,73.61,18.06,869.15,128.1,12.4
331.77,37.63,96.29,17.52,25.9,524.23,85.75,14.04
89.02,42.55,48.19,14.09,8.77,881.77,68.25,2.18
480.54,43.53,23.45,11.41,26.54,362.42,22.45,17.12
74.33,32.31,34.33,73.21,2.53,215.93,67.46,6.98
207.31,25.71,51.38,19.52,22.51,869.78,41.77,9.12
42.67,38.63,95.82,36.22,28.13,628.67,141.47,14.13
498.44,22.53,31.3,38.66,20.4,900.18,132.61,17.99
251.1,31.92,81.08,49.93,14.29,944.04,12.59,7.5
297.69,25.76,28.69,10.38,3.26,148.27,77.5,7.99
33.54,34.7,98.5,22.01,27.76,550.87,33.76,7.34
374.98,22.21,50.53,74.86,15.17,437.47,61.62,17.77
104.95,20.75,82.02,73.13,2.81,663.27,131.53,10.74
449.03,42.55,47.41,63.6,21.31,814.23,79.13,15.57
102.57,18.05,70.21,6.46,15.49,352.53,50.13,4.45
95.34,30.18,35.36,29.53,5.48,601.12,31.18,2.0
18.27,21.63,31.68,52.1,8.0,737.86,120.05,7.72
236.03,16.17,95.05,25.64,3.81,220.99,93.68,12.07
282.42,16.08,93.41,73.22,18.08,832.66,70.21,15.75
32.85,20.26,91.0,52.54,19.42,645.5,32.62,7.03
387.76,41.0,70.03,10.39,16.16,954.58,50.14,7.61
226.64,23.47,84.66,73.18,24.88,405.58,143.98,20.86
262.2,43.51,25.52,76.83,26.11,197.33,78.01,19.68
220.38,32.45,46.78,10.83,19.24,555.85,60.1,7.89
200.38,28.1,45.1,44.93,2.36,177.23,78.21,8.28
279.82,32.4,70.85,27.75,21.47,972.57,116.85,12.23
77.62,30.5,48.48,34.46,13.7,134.82,51.02,7.37
90.96,37.76,31.88,18.47,17.84,778.15,26.81,5.47
430.89,23.47,67.72,48.36,20.17,572.59,87.74,18.37
473.06,25.59,85.15,76.85,11.81,431.76,99.78,19.37
186.65,41.82,50.57,42.73,27.68,159.26,106.91,18.14
135.37,43.39,30.58,11.22,5.75,659.95,132.3,4.83
322.0,41.78,35.74,51.5,20.8,626.7,55.68,14.72
204.37,27.58,39.0,30.52,2.12,352.79,11.3,4.28
12.69,38.41,43.99,69.19,27.89,919.2,143.75,15.8
78.08,29.29,71.42,37.6,5.15,373.7,65.25,4.9
357.99,29.93,68.08,19.46,4.66,504.75,93.49,8.18
329.46,21.14,75.69,19.33,11.32,589.39,99.95,11.12
13.55,32.73,49.0,62.66,12.46,190.21,81.98,13.39
110.99,20.58,85.92,24.92,8.0,938.95,30.79,3.27
115.54,24.95,36.33,62.54,18.38,437.08,113.27,13.97
335.95,40.65,57.52,20.44,14.4,172.7,120.56,12.82
9.86,21.21,84.08,29.13,2.96,448.56,82.95,3.39
52.05,17.13,34.41,39.91,10.95,640.18,73.28,9.93
399.96,17.07,28.79,75.74,24.69,562.29,17.09,17.8
89.27,43.22,90.69,74.88,21.31,725.09,12.59,11.32
326.37,30.21,47.43,20.52,22.3,149.94,50.93,13.82
119.09,27.28,74.71,31.87,21.55,356.09,46.63,11.27
49.72,39.33,22.03,16.2,10.71,837.31,143.05,7.15
121.59,40.07,75.2,43.25,4.79,171.9,117.54,8.28
361.13,24.97,45.29,39.54,9.63,869.94,98.99,10.41
427.85,35.81,24.46,72.56,25.29,182.71,77.65,23.65
415.11,38.13,68.79,74.75,29.45,851.01,25.11,19.39
198.59,34.64,39.26,33.77,15.83,424.71,146.77,14.61
334.04,19.55,50.94,41.88,2.27,650.99,56.26,8.77
102.49,41.28,26.45,72.22,5.92,237.6,16.04,7.57
146.57,31.17,31.77,65.5,11.02,159.55,74.07,14.48
448.17,23.47,43.84,5.27,18.2,294.34,131.1,16.46
6.5,27.76,27.18,29.0,4.1,215.07,133.09,7.62
42.75,16.13,92.87,36.63,28.41,381.17,1.64,9.51
103.94,18.84,20.48,22.23,12.22,562.94,132.94,8.75
13.27,37.97,58.71,19.97,27.55,629.88,40.72,7.21
90.72,15.0,29.86,7.83,23.85,810.88,5.85,8.11
291.52,27.5,44.61,53.25,23.15,690.62,127.17,14.62
210.71,30.68,94.08,24.69,18.99,647.88,129.58,12.36
446.34,16.64,32.94,8.93,19.55,470.6,89.43,11.52
408.72,44.19,97.27,22.32,19.86,526.43,86.17,13.0
170.91,21.78,36.46,65.14,19.6,473.07,121.97,15.94
129.71,24.13,79.33,68.86,17.5,857.95,117.95,15.32
189.85,24.12,63.73,41.23,29.62,307.0,133.52,19.9
295.15,21.91,90.76,36.21,22.5,105.15,82.91,16.0
134.03,15.04,64.32,78.34,23.75,686.19,145.15,20.18
312.07,36.88,62.76,20.04,26.43,282.22,149.42,18.56
204.71,44.01,35.64,21.15,8.04,901.1,17.48,2.52
276.02,21.73,33.3,26.89,4.35,873.14,127.43,6.89
218.06,34.89,93.32,17.96,15.52,169.05,74.97,9.53
147.23,37.26,46.23,33.45,16.39,195.75,58.13,9.31
474.23,40.45,49.77,73.31,25.22,545.65,91.96,21.33
381.8,27.68,80.79,51.15,14.43,648.3,8.39,11.32
70.06,24.09,47.11,35.9,17.98,347.42,75.97,12.51
434.23,24.76,96.16,75.08,16.76,745.12,130.63,19.85
243.72,36.38,79.03,8.63,3.07,635.42,32.02,2.0
447.28,39.5,67.79,20.77,19.23,392.34,63.96,14.43
399.93,20.45,90.47,47.44,25.19,122.83,140.92,20.99
212.61,26.13,23.97,51.17,6.41,775.14,64.28,6.53
11.23,42.06,40.57,7.97,18.64,293.28,53.76,5.23
134.34,39.2,57.2,35.23,18.62,851.03,66.08,7.83
270.82,44.55,38.16,53.69,6.6,478.26,77.92,7.99
316.74,37.63,79.51,57.36,5.46,619.37,94.8,10.93
128.94,26.8,93.54,52.86,29.44,885.65,120.1,14.7
69.68,32.72,53.9,29.04,13.02,877.26,67.82,5.92
417.47,34.83,47.37,12.01,8.37,434.37,122.62,14.26
492.2,17.35,96.92,37.03,6.8,288.0,80.06,12.31
262.85,31.33,55.59,14.66,20.69,797.63,50.77,9.29
85.84,36.28,59.12,76.07,19.06,489.77,98.69,11.19
136.15,20.02,48.13,40.64,20.02,272.84,107.66,14.15
9.2,38.42,92.76,28.79,4.46,913.98,83.71,2.55
457.15,32.51,65.52,62.47,27.02,278.29,8.49,19.78
58.88,43.57,80.97,42.35,12.9,123.23,25.48,7.23
288.26,16.27,84.94,28.25,10.77,118.25,42.79,11.85
137.03,22.96,47.35,65.9,14.95,660.08,42.39,13.52
277.09,33.05,54.7,70.04,12.92,695.51,101.01,15.94
325.71,23.9,87.88,55.48,26.18,379.94,2.75,15.26
414.87,36.43,49.06,8.52,28.02,388.01,113.35,16.13
103.21,37.77,83.51,47.47,10.5,405.54,39.8,6.61
5.5,18.08,95.28,62.25,26.19,712.14,46.5,11.2
68.44,30.42,69.86,15.24,23.88,152.32,79.19,12.18
450.01,30.27,79.33,22.15,28.06,936.2,32.39,12.96
436.95,26.08,84.41,71.19,8.88,300.27,132.67,18.07
298.71,42.99,87.6,6.51,18.15,999.71,12.81,6.73
300.26,39.83,51.6,61.45,9.69,254.37,66.66,12.35
332.52,35.92,24.1,40.53,25.07,794.39,127.41,15.99
87.69,36.43,52.15,38.51,2.15,301.07,92.38,7.23
457.21,28.85,73.9,5.53,17.81,172.76,43.85,10.9
209.39,42.63,56.03,66.45,11.5,887.44,63.11,8.93
191.57,35.84,79.92,31.99,11.04,872.88,106.0,8.2
259.46,36.87,48.56,45.56,20.06,463.21,145.99,16.72
23.48,40.85,70.78,55.8,25.84,732.16,133.97,14.46
83.14,23.22,34.91,57.7,19.06,601.36,51.36,11.75
369.02,39.21,79.95,76.7,25.89,867.66,149.73,21.25
41.4,20.86,63.66,44.85,9.41,383.55,0.53,4.5
301.58,25.36,36.33,34.98,16.55,571.31,4.14,9.24
122.67,25.07,43.35,76.53,14.62,536.84,123.58,13.89
194.65,44.36,79.89,53.16,2.33,418.52,29.92,6.24
144.35,40.7,58.61,27.36,17.59,902.31,9.12,4.46
177.84,36.04,37.28,14.48,20.52,249.29,35.57,10.65
359.52,36.81,97.38,68.19,18.57,234.56,63.92,17.15
148.56,31.86,77.21,32.16,22.62,619.22,109.58,12.4
283.2,43.41,96.57,54.54,18.0,691.74,93.65,14.46
238.03,29.89,54.17,40.31,3.87,275.16,35.64,6.11
331.84,26.42,58.01,19.92,5.26,451.65,75.49,9.07
468.41,19.89,91.84,50.13,18.7,951.91,138.93,18.59
366.29,38.59,62.0,9.55,9.7,321.96,122.25,10.61
107.47,37.03,76.58,36.0,4.23,701.52,48.48,3.89
15.59,26.53,40.17,46.0,14.03,766.13,147.34,10.98
131.13,15.76,55.74,37.7,17.52,503.32,106.29,13.96
297.54,40.17,29.88,61.15,11.2,943.77,9.37,9.03
25.71,15.34,36.48,67.09,22.17,762.99,5.27,10.49
248.18,36.11,20.08,62.84,20.03,512.13,25.26,11.56
298.42,44.11,23.14,7.91,11.32,612.4,109.18,11.72
167.12,28.13,98.18,19.56,23.14,723.35,27.56,7.29
385.46,22.05,39.39,45.25,20.16,632.97,76.72,17.03
53.3,36.15,73.06,75.11,19.85,890.83,13.99,9.46
37.57,39.51,87.13,67.62,17.5,421.2,138.13,12.55
364.09,31.39,64.05,68.19,2.32,369.9,51.59,10.59
247.75,44.01,32.25,27.74,21.5,292.46,136.22,15.45
344.2,16.55,78.25,37.21,12.53,134.0,141.73,18.4
217.41,30.14,68.02,40.3,28.39,138.71,0.92,13.54
123.2,36.55,78.5,16.8,24.9,883.05,69.62,9.02
409.55,40.88,81.58,7.33,18.46,710.55,3.7,5.65
399.71,20.38,98.03,76.02,9.06,694.48,136.3,18.99
347.35,39.0,65.89,23.05,7.7,653.18,77.76,7.01
136.07,31.58,47.33,23.0,11.53,864.3,11.24,3.72
295.12,26.9,71.88,11.25,15.34,532.24,16.54,7.76
180.49,18.95,25.48,74.64,10.29,883.37,57.53,9.98
45.79,40.96,91.79,48.48,16.42,423.5,141.04,13.18
458.66,19.72,29.55,55.03,6.63,934.04,103.94,15.04
68.41,24.29,46.23,73.37,29.38,728.79,130.14,18.55
475.12,23.7,85.26,30.92,5.02,331.46,54.97,11.83
223.0,41.14,67.78,51.61,28.09,607.68,6.48,13.47
92.57,35.18,51.49,7.91,27.58,579.73,146.15,14.66
270.95,38.9,57.87,19.01,16.71,224.11,2.58,8.14
436.47,22.51,88.36,67.34,22.3,632.12,142.15,23.06
366.11,33.75,47.2,62.51,14.21,383.31,55.3,15.79
403.28,32.15,89.57,31.3,19.64,147.11,1.51,14.59
329.39,39.98,27.05,33.26,11.54,953.79,103.37,9.17
346.14,42.18,82.14,45.02,10.43,677.34,147.08,13.31
424.6,15.36,87.8,5.02,18.19,889.23,144.84,14.89
124.83,35.22,34.55,23.09,15.95,708.45,24.14,4.03
244.71,16.56,54.43,20.62,18.23,421.29,27.19,12.19
110.6,31.47,33.24,23.79,10.03,561.42,84.83,6.63
493.83,23.63,76.53,65.44,12.27,708.17,95.6,17.09
472.03,24.2,62.83,25.98,4.35,964.23,110.91,9.36
19.71,25.59,70.83,19.36,3.46,328.3,27.16,2.0
352.79,33.64,35.72,42.82,9.1,887.48,143.85,11.7
462.62,25.02,36.94,69.92,4.08,931.67,95.81,13.08
90.29,36.98,23.32,23.1,4.91,703.37,127.06,6.15
283.97,27.14,45.77,10.89,24.76,938.14,81.01,12.12
457.74,17.05,64.78,31.73,3.09,458.09,62.14,10.7
16.97,38.51,88.63,61.07,20.45,957.71,146.58,12.0
348.71,23.57,73.35,46.3,9.63,732.5,87.32,12.29
148.67,27.98,54.83,66.26,26.4,137.81,130.03,21.8
462.2,35.56,96.25,76.97,15.58,916.19,142.99,19.67
485.53,24.97,77.54,64.45,10.56,536.03,101.3,17.76
472.13,16.7,94.41,50.29,16.49,514.29,82.34,17.63
237.11,26.22,62.21,42.0,12.69,609.82,0.53,5.83
431.02,43.33,40.71,8.01,17.8,234.45,6.0,9.22
422.27,34.25,24.23,78.82,5.21,522.25,30.13,12.41
159.55,35.14,78.09,33.76,29.92,848.01,27.9,11.52
414.46,33.97,29.7,16.42,13.92,113.93,38.21,12.3
18.5,20.97,44.22,55.0,11.75,345.63,45.74,10.2
298.13,27.55,62.6,26.32,21.89,102.21,54.01,15.48
115.0,37.53,65.15,48.93,12.19,474.14,63.08,10.17
60.28,18.04,68.05,49.01,25.33,755.48,14.83,10.47
38.48,23.34,33.3,38.43,14.72,818.89,6.35,3.65
348.14,23.29,50.38,67.71,22.15,950.67,101.09,17.4
169.94,27.96,69.38,24.87,5.01,647.65,80.6,4.56
362.38,44.41,97.59,38.65,25.69,329.16,66.62,18.52
32.68,17.03,78.21,45.33,22.6,931.73,95.17,12.2
157.65,30.56,93.81,54.77,7.93,797.78,124.15,10.39
269.75,20.38,80.98,63.8,6.07,616.99,64.15,11.84
395.36,44.12,67.34,34.61,10.86,726.08,96.17,8.81
159.38,18.4,35.36,53.45,29.33,931.88,143.04,18.71
312.95,27.11,73.33,16.3,9.19,741.15,125.94,8.36
442.99,37.14,69.87,74.95,14.77,431.54,63.9,16.78
307.93,36.14,68.2,33.73,2.84,741.73,96.71,7.03
116.48,27.68,59.18,59.71,13.12,136.25,26.56,11.04
12.2,25.4,62.29,6.53,18.0,447.77,84.08,7.58
435.05,26.93,46.76,20.39,28.69,465.69,147.2,22.49
10.63,22.93,61.55,41.53,16.47,250.15,77.75,9.49
437.35,21.16,35.8,70.87,24.94,120.78,139.15,25.83
264.47,29.49,84.41,44.54,17.32,220.04,61.1,13.88
469.53,23.06,34.86,74.74,3.14,689.16,149.83,14.24
399.39,23.62,26.8,41.28,10.82,822.06,86.88,10.98
498.97,34.7,54.9,41.78,18.12,989.38,6.34,11.55
175.36,44.06,72.66,13.98,28.62,411.73,88.01,14.77
383.59,33.11,55.02,65.2,26.06,639.44,41.19,18.08
200.97,17.31,42.14,23.52,8.39,943.43,4.87,2.0
239.94,17.27,64.65,72.47,8.16,250.34,123.13,15.15
313.75,43.54,47.76,73.31,7.63,745.88,41.36,12.16
436.84,23.92,94.63,75.75,27.83,779.48,119.48,22.95
492.04,17.76,93.81,44.02,25.87,180.08,43.23,19.69
384.14,32.97,60.19,55.78,23.7,875.12,29.15,15.13
208.88,33.71,46.23,63.39,13.0,831.79,146.09,14.5
210.68,34.46,78.97,14.83,16.12,130.06,54.25,9.37
368.79,23.02,22.94,50.07,15.0,181.98,90.21,17.12
119.39,15.45,57.98,7.57,9.1,144.21,91.5,7.5
55.24,43.95,46.91,42.32,16.14,401.27,84.07,10.29
177.31,22.53,93.64,16.61,2.85,558.36,137.2,7.32
143.62,35.28,20.96,18.72,5.69,579.11,101.17,6.19
148.15,36.2,64.23,32.38,26.82,340.9,60.56,12.54
116.8,33.3,79.25,37.43,23.05,920.44,129.36,11.66
21.05,24.39,58.8,51.74,13.84,431.44,27.16,8.57
8.94,23.13,26.83,10.58,16.48,141.0,81.64,8.2
493.86,32.93,97.8,42.78,12.36,370.2,142.58,18.07
213.89,40.98,61.44,18.7,22.74,578.0,93.81,11.69
192.16,43.4,69.13,48.05,23.96,467.4,122.55,17.05
339.82,18.18,38.93,52.81,23.37,346.46,98.03,18.4
109.13,19.64,58.68,46.75,22.23,218.19,125.91,16.18
474.98,43.34,54.33,60.37,7.73,837.25,141.67,15.75
393.17,37.1,25.99,30.17,11.46,996.53,40.94,9.53
44.71,41.49,28.49,62.38,15.16,396.59,25.45,7.69
208.79,21.08,87.0,37.46,11.26,443.46,72.6,12.5
439.56,32.63,39.19,41.31,23.14,656.23,105.28,18.33
472.37,36.03,35.6,53.61,11.22,746.6,34.08,10.63
233.7,35.4,60.39,6.38,5.87,452.83,0.62,2.96
306.71,27.24,81.5,54.05,13.17,914.44,51.44,10.11
83.52,15.46,24.96,51.39,29.44,604.0,145.33,18.81
495.58,32.49,66.14,28.24,8.32,505.35,104.25,13.08
115.84,22.59,29.54,11.43,19.14,682.01,60.2,7.99
471.37,28.51,22.92,11.82,14.12,957.52,28.89,7.77
324.82,43.73,24.22,74.24,3.99,815.1,53.41,10.09
303.87,26.97,86.73,56.7,15.66,136.01,25.48,12.31
256.34,40.19,29.44,14.53,21.66,399.08,15.95,8.29
115.33,20.66,23.61,31.75,16.37,523.49,136.01,12.75
88.26,35.17,55.03,49.44,26.42,383.07,149.65,19.14
110.24,44.31,87.52,67.67,10.09,730.17,24.62,6.02
93.22,18.06,40.99,8.27,4.41,843.64,8.18,2.0
389.79,15.25,53.74,22.75,28.22,758.21,49.46,17.02
175.06,28.01,23.19,71.73,12.59,990.4,69.25,11.16
28.92,17.78,55.93,5.69,18.14,345.29,30.72,5.82
484.55,37.45,66.21,20.1,24.18,887.49,45.21,12.42
441.89,42.44,65.67,76.93,11.08,789.96,30.13,9.94
463.88,28.02,46.59,51.01,22.05,425.96,116.14,19.98
497.45,22.76,45.24,24.63,5.79,760.71,106.89,12.97
86.95,28.03,28.53,10.02,10.16,193.67,95.24,5.95
198.12,36.7,49.34,7.11,6.05,810.4,58.08,3.75
379.12,15.27,27.96,23.36,24.71,579.1,136.36,17.44
348.01,32.68,81.33,71.11,8.23,363.06,145.43,16.65
76.95,33.4,97.3,36.19,22.09,690.2,26.05,9.24
407.92,34.13,97.61,59.03,28.41,677.46,33.45,16.92
112.22,22.26,89.21,73.87,16.78,288.54,78.84,14.56
111.91,36.42,68.06,35.6,17.12,127.36,13.69,8.24
268.49,17.74,76.07,19.35,14.91,490.26,65.47,11.41
296.47,20.98,42.82,43.78,11.12,612.56,87.27,12.12
290.04,41.32,70.46,73.11,15.32,888.94,78.31,13.14
45.74,37.16,56.45,65.33,18.88,935.4,49.64,10.78
438.73,15.41,58.56,9.94,29.61,575.92,81.37,18.71
132.8,22.45,80.62,56.94,28.26,778.42,143.82,17.13
64.76,21.43,42.55,47.89,26.14,495.37,30.9,12.03
444.37,23.12,45.44,73.06,26.9,771.47,98.22,21.52
477.83,22.43,93.97,14.19,15.1,284.32,6.51,11.69
431.06,16.88,24.5,45.05,20.41,433.96,9.96,18.06
404.76,28.77,58.85,70.96,27.06,670.81,82.77,20.85
327.62,36.98,93.02,35.75,13.0,116.34,15.74,8.2
275.43,33.2,68.83,41.15,28.93,750.22,3.35,12.37
43.49,35.19,63.71,10.28,13.64,851.98,25.73,2.0
204.23,17.43,39.98,25.86,18.83,459.23,84.73,12.01
186.34,43.54,47.46,29.34,21.87,503.15,105.5,10.44
129.88,40.15,88.16,75.88,28.62,866.15,30.37,12.73
361.71,39.15,64.74,26.2,8.85,798.09,100.24,7.65
247.94,39.69,61.18,39.57,22.89,359.33,27.37,13.03
40.52,42.98,27.97,55.35,16.58,391.58,92.02,10.81
110.09,31.33,21.28,17.16,9.52,710.99,61.79,4.78
341.63,21.01,97.09,41.48,23.74,606.88,98.07,17.07
38.07,33.5,50.16,60.39,17.46,246.01,149.26,13.15
425.6,37.29,68.26,70.01,20.51,378.94,140.67,22.03
247.57,37.14,26.38,51.97,11.04,909.98,0.64,8.57
240.29,30.64,74.65,55.18,15.48,719.36,132.82,14.83
296.2,17.05,94.61,14.47,19.29,987.38,9.97,7.44
412.34,26.13,66.05,75.93,13.34,790.31,142.96,16.46
173.9,42.62,30.09,14.94,7.55,947.78,42.27,2.0
339.01,32.53,66.54,63.1,28.93,294.57,57.31,20.29
282.87,31.15,81.31,24.86,16.32,794.34,13.75,9.05
133.51,23.07,52.51,75.02,22.55,118.2,16.84,15.26
439.31,26.05,90.39,59.0,13.51,703.68,109.01,17.24
398.71,41.86,71.89,61.54,11.94,522.35,141.65,17.42
329.23,34.99,91.94,21.43,13.4,412.08,91.61,12.22
425.29,38.62,69.88,38.23,13.46,876.16,107.38,12.22
433.65,28.63,30.5,51.34,17.24,868.84,114.3,16.52
354.18,33.91,44.78,62.75,17.22,120.07,39.42,14.74
418.51,22.45,36.14,12.8,15.92,648.55,6.78,9.45
348.74,36.16,92.71,77.18,5.77,431.05,0.28,10.3
340.07,27.83,80.83,71.77,15.89,474.09,52.6,17.23
309.31,28.28,74.11,25.28,6.73,848.84,36.22,4.09
376.36,34.48,44.08,66.71,5.53,378.86,9.35,10.63
79.3,43.09,34.72,43.87,28.11,948.74,26.93,11.44
440.44,16.92,80.52,39.64,18.94,261.67,18.67,16.17
435.92,39.74,57.93,28.58,20.47,696.45,137.23,17.7
14.62,23.77,38.06,48.57,13.25,704.89,21.04,6.28
412.91,28.32,69.33,59.74,27.45,326.98,80.65,22.64
64.43,15.66,23.23,35.82,19.86,392.28,88.97,10.69
167.56,24.03,46.09,52.19,23.54,851.32,81.52,11.92
371.75,30.08,57.48,57.45,12.32,785.62,14.86,10.42
80.38,16.69,31.84,58.33,28.88,396.19,47.82,12.88
408.98,29.73,98.77,8.9,24.97,580.56,7.69,13.56
416.07,42.81,36.73,69.48,25.91,155.51,59.35,21.94
253.73,18.16,30.43,39.37,6.82,287.87,28.29,7.9
3.19,37.93,36.28,24.68,9.59,537.24,84.24,4.26
143.52,27.29,81.52,23.13,10.0,177.38,103.92,9.5
308.46,34.66,54.04,41.23,9.59,859.0,79.82,9.37
490.59,22.81,65.23,71.51,25.95,746.21,65.14,20.8
315.91,19.78,21.68,33.38,2.89,949.27,58.1,6.63
129.9,19.81,22.75,61.23,4.13,724.12,126.25,9.25
317.0,17.11,55.67,12.26,9.67,946.36,32.91,6.93
269.99,20.57,85.33,40.7,7.6,599.06,110.13,11.48
389.92,34.93,90.82,79.38,8.49,640.2,113.62,14.68
53.49,41.45,26.94,62.78,24.34,979.27,62.88,12.47
380.51,39.42,63.07,20.79,17.77,677.92,44.6,9.06
270.63,35.55,93.06,42.61,2.16,127.71,70.58,8.65
481.5,18.31,51.04,22.52,14.02,751.42,13.98,11.73
170.94,23.68,86.37,35.72,13.42,914.92,6.89,4.68
316.31,24.29,30.7,63.51,5.19,816.02,16.74,8.2
466.01,22.5,94.83,62.84,20.93,625.45,28.07,17.49
51.25,30.45,80.11,22.11,21.66,704.17,75.63,7.77
468.61,31.07,95.31,74.17,22.19,991.17,127.37,20.22
343.94,25.71,74.13,49.44,22.4,181.6,35.35,16.17
33.92,25.61,49.07,33.49,2.0,700.52,140.27,4.75
150.48,39.86,95.05,42.65,28.71,355.06,143.24,20.8
354.09,38.68,42.05,50.38,24.8,676.08,143.84,18.22
33.68,24.23,46.57,46.99,27.31,646.86,125.63,16.26
291.09,42.41,76.06,41.48,2.44,238.11,54.57,7.18
172.94,43.58,81.23,42.87,28.15,286.07,10.9,11.68
310.46,24.8,94.35,18.23,24.67,659.47,85.32,14.41
22.87,25.63,36.38,65.95,25.44,215.41,83.8,16.51
435.77,30.17,83.84,45.63,4.61,338.66,127.5,15.14
486.74,43.23,79.08,14.83,22.69,851.72,149.4,18.71
484.44,41.29,25.1,62.46,28.88,394.38,76.22,25.31
374.83,18.08,50.98,74.93,21.0,539.25,51.78,18.28
65.04,26.78,42.62,76.05,17.98,947.03,27.89,8.54
379.13,31.6,44.36,32.68,28.48,304.43,0.72,16.04
12.29,30.09,98.64,15.16,14.4,450.66,76.37,5.87
11.06,20.82,71.42,43.88,18.78,645.81,83.33,11.07
161.81,40.76,77.41,13.45,15.34,779.81,123.74,7.11
244.32,35.31,98.13,75.05,28.12,911.49,75.69,19.97
385.2,40.14,50.18,18.77,4.13,923.93,137.47,9.55
341.65,40.76,84.15,23.96,16.03,798.98,94.21,9.17
222.95,37.45,54.76,35.5,21.23,305.5,126.05,14.71
136.81,28.18,89.56,33.74,24.17,122.33,22.25,13.18
498.56,33.32,34.45,64.6,18.32,445.4,128.3,22.16
213.09,19.81,95.81,39.22,27.45,227.39,101.27,16.57
225.69,35.21,37.5,17.81,28.38,739.35,25.53,11.9
81.81,20.38,46.1,25.04,3.8,695.02,28.46,2.0
397.4,35.82,80.5,43.18,13.27,139.57,138.98,17.16
346.84,21.89,51.5,16.06,2.66,852.93,4.83,4.44
110.38,18.53,68.66,50.87,11.22,323.87,69.38,9.55
41.19,19.96,55.57,47.43,17.03,489.0,47.02,7.49
340.25,15.06,79.39,58.6,27.5,701.14,99.76,20.03
327.26,36.56,38.27,75.33,25.7,486.48,125.94,20.47
136.63,36.97,24.68,73.42,5.57,497.16,54.06,8.95
475.43,30.45,43.99,75.96,4.6,159.07,64.04,14.16
75.53,19.84,57.94,23.35,18.5,461.3,147.29,11.6
216.17,17.51,33.44,14.87,16.9,788.36,117.59,8.6
471.81,15.57,48.38,27.67,9.46,923.66,134.58,13.72
209.86,19.97,52.0,72.13,27.18,472.15,65.81,17.99
319.26,41.73,24.59,77.9,27.97,481.23,35.11,16.78
198.8,22.25,66.66,69.45,13.27,732.36,61.78,11.85
137.11,25.63,90.75,13.25,26.93,948.49,107.41,13.0
491.99,18.16,32.14,76.06,12.75,340.35,16.41,16.06
204.67,21.67,67.82,36.75,22.63,496.13,40.57,12.81
447.05,30.58,73.18,5.7,15.33,816.38,7.0,8.34
114.98,33.23,53.55,38.18,5.43,648.72,64.85,3.57
106.55,22.36,76.09,8.46,27.98,199.53,124.12,17.58
15.57,16.73,52.86,45.79,14.71,664.96,3.7,5.13
325.83,26.73,60.37,30.39,22.57,268.07,101.3,17.65
184.26,22.03,20.59,40.51,12.28,559.19,139.87,13.48
432.18,21.59,75.34,50.99,2.53,576.19,35.54,9.32
236.6,43.8,72.91,70.16,4.81,888.58,104.05,9.99
484.1,33.49,23.07,54.64,15.89,516.24,146.27,19.6
92.76,31.71,49.46,37.55,21.32,351.5,144.34,12.94
434.31,27.47,98.32,66.46,11.37,307.87,35.24,14.22
388.3,27.87,53.66,72.92,21.47,886.83,15.05,14.1
385.46,31.23,60.16,13.98,21.56,253.91,22.24,12.21
422.39,35.89,92.79,44.89,21.71,483.28,105.31,16.45
380.51,36.06,77.38,26.34,15.79,268.46,108.86,16.17
313.11,20.15,66.57,8.53,27.62,795.97,101.14,16.82
65.62,30.0,83.82,55.14,15.7,526.94,50.41,10.47
16.26,27.36,89.15,69.71,14.61,416.03,25.47,10.44
460.42,41.12,56.55,17.22,7.58,424.99,87.11,10.25
308.33,33.94,58.01,65.93,10.61,866.99,72.55,10.59
398.27,30.98,50.88,69.0,3.19,598.4,109.33,12.11
240.76,18.46,97.34,73.58,19.74,746.08,66.2,15.92
58.65,33.17,75.77,24.9,8.96,907.33,50.8,3.02
62.59,18.52,26.66,72.8,10.52,911.57,44.02,7.54
342.78,25.12,89.04,29.05,23.58,395.66,31.72,15.7
215.15,19.29,58.44,46.43,11.16,957.21,39.86,8.14
100.26,35.76,25.5,8.79,8.78,122.39,14.22,2.57
245.8,21.19,63.98,8.29,6.73,439.15,52.03,5.16
32.1,26.76,53.37,59.03,23.7,906.22,5.49,9.57
290.99,41.87,90.22,38.34,5.63,347.17,27.96,8.29
134.5,21.13,36.32,24.22,14.71,345.77,112.02,11.81
398.78,30.23,86.12,19.28,16.19,372.36,48.82,14.42
155.18,27.58,64.62,55.25,21.25,651.08,100.24,16.17
227.61,15.54,24.37,5.03,19.73,494.5,107.53,12.8
5.81,38.78,97.75,65.44,24.7,754.06,87.18,11.49
36.22,17.07,61.01,10.94,3.25,905.42,143.8,2.26
196.25,29.23,43.27,19.36,10.3,706.78,3.22,3.47
239.97,31.82,57.55,33.97,9.84,284.02,110.8,12.37
300.01,33.85,88.63,41.36,6.09,939.41,143.82,12.43
145.83,35.66,44.39,31.62,10.1,338.04,129.34,10.79
347.49,22.6,35.41,29.05,10.67,234.9,25.18,11.61
430.06,15.3,30.33,77.29,16.61,180.97,49.02,18.63
389.93,36.7,43.83,53.12,20.58,607.05,25.87,14.82
19.81,31.07,82.4,6.76,12.67,202.39,90.2,7.51
240.25,40.08,57.73,37.26,22.15,224.9,106.83,13.33
52.47,39.64,38.2,70.63,11.41,370.03,47.56,8.38
121.02,40.3,33.29,27.61,10.13,353.49,80.93,8.52
493.33,29.55,46.62,12.09,17.15,643.82,103.64,14.79
71.25,25.01,95.19,61.88,2.66,835.07,63.2,3.45
249.44,38.75,47.44,50.45,4.23,785.21,128.1,6.39
309.08,28.54,99.05,47.77,13.7,336.24,115.73,14.67
351.23,20.5,58.82,9.02,28.4,320.78,9.7,13.92
279.82,40.65,34.33,15.54,22.2,969.21,93.17,9.97
4.89,41.48,91.29,51.69,4.47,107.41,35.3,4.85
163.23,28.99,56.83,20.59,25.7,891.75,83.63,12.03
258.86,17.27,76.77,42.81,22.5,279.76,143.53,19.75
43.93,26.63,98.7,45.87,19.11,952.56,131.86,8.32
175.31,39.11,24.01,26.26,24.97,408.08,60.68,10.73
16.6,42.05,27.74,76.13,13.32,496.32,43.73,8.3
39.29,21.1,77.64,68.18,8.2,736.41,35.16,7.01
198.46,17.01,42.55,59.18,16.34,628.9,79.88,13.85
66.36,41.32,34.74,10.85,17.37,386.15,17.14,5.58
283.77,26.68,23.15,12.96,17.07,598.45,82.39,10.38
344.73,31.25,21.75,41.96,17.82,757.64,0.2,9.79
400.29,44.04,81.96,17.05,28.56,138.1,48.58,15.68
100.08,17.0,30.75,78.37,27.26,110.08,32.99,18.26
83.74,34.45,57.42,16.89,26.52,512.26,145.68,12.84
52.28,17.22,68.47,41.56,24.44,218.65,109.09,16.31
318.22,26.26,54.27,32.31,28.42,697.91,52.45,15.55
353.24,39.11,22.17,52.95,4.76,292.65,13.93,8.58
15.79,28.0,82.68,14.68,9.42,489.57,77.52,3.66
468.11,44.92,20.84,37.27,15.86,277.9,32.02,11.85
25.99,31.77,80.95,25.6,25.7,593.64,80.46,9.91
270.65,24.63,91.46,71.58,16.14,204.45,125.3,18.0
354.53,21.6,54.63,8.04,22.94,120.8,92.37,13.28
435.48,25.52,62.84,73.53,5.89,146.02,95.07,16.18
357.04,26.18,58.16,67.47,9.07,958.83,81.15,13.14
400.86,17.06,51.14,27.32,22.49,228.06,139.09,20.55
169.73,26.09,90.99,64.2,6.61,737.63,139.79,10.74
407.41,28.93,91.51,7.34,11.84,161.13,76.91,11.88
40.06,36.68,46.87,77.51,9.42,197.34,45.86,8.64
447.41,34.7,69.21,44.49,11.8,557.99,68.94,13.37
273.8,36.26,94.15,27.75,21.83,518.38,27.98,13.05
408.65,15.25,96.96,32.19,12.3,956.42,95.45,13.4
226.16,21.53,60.72,9.98,17.55,950.35,75.01,9.08
321.79,34.85,56.23,79.2,4.8,801.65,15.5,7.92
263.2,29.52,42.3,7.95,24.54,641.89,29.65,11.22
365.79,15.16,96.71,54.12,12.36,509.46,71.94,12.2
40.81,39.13,31.43,38.21,20.16,420.56,133.14,12.11
30.18,38.18,66.39,76.17,22.31,952.38,84.96,12.74
123.55,31.45,42.6,23.45,7.87,642.62,102.23,7.32
79.77,16.99,42.32,44.91,26.77,621.17,50.85,13.66
435.89,38.0,52.4,41.18,19.25,308.71,85.71,17.22
109.61,32.51,99.9,57.71,14.0,142.03,67.11,11.42
487.93,38.46,24.4,10.1,7.11,950.67,98.87,9.49
168.45,37.55,66.28,19.53,28.38,382.36,7.59,9.78
91.06,39.09,26.61,21.09,23.14,498.33,74.0,9.15
394.85,30.54,32.36,60.36,7.82,203.18,44.4,13.0
329.35,19.21,55.17,19.19,11.46,853.23,48.93,8.28
249.1,35.13,60.84,48.01,24.67,124.87,144.14,17.53
277.68,33.61,40.7,21.14,21.48,850.59,27.4,9.93
359.6,37.27,45.32,69.62,23.44,226.26,46.69,19.19
114.23,20.1,26.96,75.66,14.35,897.91,76.48,11.16
498.17,20.85,44.26,43.89,22.06,756.8,129.45,22.66
487.4,41.71,97.32,31.42,12.82,248.2,62.5,12.91
325.16,37.5,95.58,22.55,7.92,609.24,111.58,9.17
99.77,42.25,46.79,8.73,19.71,381.39,128.46,10.12
340.11,37.76,65.67,25.14,29.33,260.41,46.5,16.22
36.1,32.91,92.77,54.07,10.7,873.26,58.91,5.43
15.33,34.62,20.49,45.02,14.91,463.17,53.48,5.92
128.84,41.67,84.85,75.8,20.87,458.69,124.93,15.72
231.31,32.36,95.87,34.72,17.16,252.9,6.65,9.77
434.14,33.97,27.31,57.04,25.62,444.76,46.26,19.89
363.58,19.69,32.92,41.7,23.33,884.46,101.91,19.15
371.35,29.22,96.86,43.44,3.63,426.82,84.82,12.14
212.75,36.49,63.0,25.08,29.96,956.44,65.44,11.72
172.97,23.13,21.14,39.12,23.07,951.68,80.99,11.24
185.52,21.07,40.61,40.31,26.19,230.41,29.64,14.19
493.82,24.41,56.0,58.0,20.23,259.58,64.61,21.6
20.05,22.25,75.43,75.55,25.98,876.41,75.26,13.63
433.52,21.45,78.65,29.7,5.15,453.48,135.18,11.61
289.34,27.75,99.63,8.17,11.74,103.94,39.13,8.26
219.31,42.24,43.0,42.22,26.54,346.48,130.17,18.57
362.63,30.21,63.06,45.83,7.65,637.87,96.64,12.41
243.33,20.64,62.67,17.63,4.19,819.34,3.05,2.1
436.71,17.31,52.45,62.03,24.07,220.05,108.69,23.36
450.35,35.88,33.53,78.87,25.39,199.49,5.33,16.85
210.86,26.48,98.2,75.93,6.55,929.88,149.61,12.6
138.41,39.65,88.27,19.78,25.92,776.03,130.9,13.91
296.18,34.79,59.87,70.65,21.23,630.8,44.6,14.05
456.18,38.89,68.26,57.84,16.56,792.27,38.61,12.69
105.33,23.16,38.18,39.04,25.25,485.97,57.22,10.49
311.48,35.77,63.5,45.55,13.74,782.61,53.43,12.25
315.78,22.92,75.6,68.72,7.43,434.62,55.85,11.32
366.56,43.17,61.21,41.01,9.98,319.69,47.74,11.03
65.78,34.09,99.22,32.99,16.14,756.11,93.17,9.0
357.91,24.74,68.91,41.99,16.88,477.71,24.64,14.29
454.52,23.09,49.68,48.43,24.56,983.24,126.9,19.09
89.84,20.73,81.77,19.18,24.16,414.54,121.86,12.87
118.77,35.84,33.64,72.57,18.28,929.55,71.47,11.54
485.7,21.56,50.76,55.56,23.86,939.67,127.91,21.9
90.49,32.86,47.76,52.5,7.37,317.67,37.07,6.5
427.19,22.94,54.54,12.46,3.4,818.4,2.63,3.13
246.14,34.86,82.54,50.31,26.46,489.77,92.88,15.14
123.62,39.45,58.73,14.07,4.12,925.77,68.69,2.0
435.37,38.34,83.52,10.9,8.91,505.11,85.07,11.02
222.65,37.83,66.12,44.55,21.47,769.87,134.9,14.46
257.41,20.63,47.37,35.21,13.46,520.27,145.49,13.37
179.62,17.65,84.8,49.16,26.54,305.02,95.17,16.76
296.48,35.97,39.06,11.69,10.34,279.42,114.61,10.77
81.76,26.05,37.95,37.32,2.33,482.89,12.57,2.01
195.54,27.97,60.36,18.11,10.42,779.95,24.11,4.15
484.71,15.93,40.87,79.03,18.19,644.56,109.98,22.6
129.07,22.79,20.73,47.09,12.53,719.77,64.7,10.5
328.37,16.01,71.86,56.56,16.98,354.09,66.89,13.92
162.6,41.38,60.89,29.41,26.54,533.29,46.29,12.12
386.74,22.3,55.64,12.11,27.55,139.96,91.1,17.45
65.44,31.72,97.36,78.19,9.45,835.78,27.77,6.43
484.91,16.17,65.7,26.47,14.94,990.9,94.04,13.98
226.89,35.01,89.07,36.79,17.38,466.19,26.07,9.6
118.03,24.69,31.16,53.74,28.58,109.87,9.57,15.06
36.75,41.94,65.54,6.85,29.96,252.81,49.55,11.27
84.88,41.64,89.44,65.77,8.59,687.27,34.67,6.45
259.89,24.76,66.65,45.24,22.36,650.87,133.35,16.06
168.5,42.03,77.44,25.87,12.58,809.08,8.24,3.24
414.44,44.88,49.76,9.62,2.23,328.5,26.49,3.54
215.44,39.76,27.4,17.19,2.26,787.27,82.31,2.53
124.36,40.35,56.63,72.13,14.9,719.19,72.16,13.2
308.57,22.47,51.56,56.45,15.67,390.53,6.88,11.27
353.39,32.3,89.36,23.74,2.63,590.94,1.09,2.75
83.52,17.02,39.52,9.92,21.23,232.55,148.21,14.01
83.81,17.85,97.34,56.8,10.23,507.31,98.83,10.28
18.34,44.97,96.65,47.93,17.68,893.08,54.81,6.43
368.2,24.8,39.81,35.34,10.43,479.07,70.56,13.36
331.9,37.45,47.84,32.27,6.68,855.61,39.98,6.86
237.32,39.2,91.64,21.26,13.4,631.23,51.73,6.9
422.09,40.74,97.33,55.22,8.5,272.69,97.36,13.98
402.84,44.93,55.48,77.8,16.97,623.0,132.42,18.16
292.68,22.24,45.68,18.18,7.57,555.38,27.62,7.31
434.14,16.21,62.09,49.78,16.24,458.78,126.05,18.2
102.92,27.34,75.02,36.81,6.41,207.67,18.23,3.11
55.96,18.9,41.88,38.5,20.79,475.04,32.25,9.58
134.87,15.67,78.92,24.06,23.11,165.49,5.58,8.97
28.54,25.81,24.13,66.89,5.09,188.89,21.12,8.98
265.58,38.51,23.94,41.39,15.1,474.32,137.6,13.1
468.3,31.99,50.9,45.76,3.98,374.84,68.92,11.54
19.67,24.38,48.28,27.86,18.75,932.99,11.65,4.91
61.05,34.63,45.25,18.64,9.4,438.14,143.96,7.63
226.1,21.96,59.28,11.44,16.77,782.07,131.85,10.88
466.94,15.43,45.66,58.56,16.49,577.22,113.2,19.41
158.08,37.93,35.38,19.72,27.88,733.68,140.02,16.31
253.62,33.71,44.76,56.76,17.37,334.1,33.02,13.65
20.79,37.87,97.99,34.28,18.32,947.71,125.46,10.58
74.17,16.17,52.89,36.18,13.25,577.08,103.5,8.41
493.32,40.11,55.58,40.19,28.57,848.19,130.46,20.82
482.56,33.59,66.12,32.58,23.76,428.54,119.54,19.74
2.47,31.9,98.67,12.55,9.99,190.19,51.97,4.68
475.91,33.74,39.33,28.22,25.64,706.34,116.16,20.16
319.56,40.93,74.5,54.78,14.11,106.98,39.37,12.95
433.96,32.61,77.28,54.93,25.2,527.76,49.29,17.47
227.37,32.43,68.59,26.47,25.04,273.52,16.19,12.86
257.8,44.72,27.09,39.51,7.29,664.64,140.26,8.16
244.42,37.7,74.15,19.51,21.63,981.48,43.65,8.45
333.43,28.27,25.13,20.78,10.14,517.96,78.09,9.69
69.83,36.22,67.69,6.73,10.33,835.75,58.7,2.0
14.99,26.68,79.17,72.26,10.3,557.01,143.99,13.08
153.96,21.87,36.88,20.8,22.32,546.26,50.26,9.24
352.34,32.91,87.33,22.07,8.44,937.38,116.78,9.12
100.93,42.85,22.43,25.97,2.03,900.97,128.31,4.04
336.72,42.87,87.51,14.56,22.03,807.22,65.34,12.79
484.96,25.26,56.83,52.94,6.79,366.63,56.73,13.41
46.95,30.83,37.41,10.64,4.93,590.51,112.16,4.99
336.3,21.35,30.7,15.07,8.65,301.51,136.93,13.32
221.88,44.87,96.26,53.36,12.64,499.53,113.24,12.46
434.07,44.43,25.81,30.47,15.33,535.79,34.07,10.0
88.57,34.49,35.93,58.1,3.25,848.48,133.25,5.6
346.31,39.13,47.83,46.81,29.18,906.43,58.14,16.02
419.06,36.45,69.62,24.2,22.05,473.16,86.43,15.03
472.31,32.79,63.58,53.81,11.05,115.93,124.72,19.25
341.62,16.6,30.05,13.72,10.92,875.6,28.26,7.74
248.59,28.64,43.18,45.23,14.56,256.85,117.68,14.47
308.92,35.24,39.1,37.79,19.53,659.69,89.42,12.28
434.45,35.33,37.08,25.09,6.1,122.47,134.0,14.38
285.3,26.19,52.89,50.3,7.29,459.56,25.8,7.52
15.19,43.25,76.32,70.35,26.06,987.36,63.1,10.48
465.47,20.02,37.4,79.92,9.18,190.62,124.93,18.65
344.76,30.01,49.33,50.58,12.65,481.32,2.88,10.17
338.26,35.73,51.27,35.35,26.4,376.43,16.83,15.93
107.84,35.91,98.12,21.89,20.57,914.58,148.58,11.05
329.44,34.46,96.37,24.28,11.57,882.41,42.06,6.83
196.93,23.26,84.01,40.96,21.14,313.93,146.33,15.23
325.62,19.69,39.33,32.55,2.55,173.07,27.38,8.46
53.3,34.08,25.44,73.54,22.6,664.42,54.16,11.46
328.92,32.98,45.35,32.62,15.64,402.73,112.93,14.41
499.71,20.38,41.34,33.01,24.77,704.88,98.67,18.49
24.11,36.15,60.47,33.77,28.73,128.91,87.17,15.29
488.59,28.66,82.22,67.75,27.92,220.06,79.48,23.2
203.45,35.03,88.67,53.81,27.46,717.74,126.52,17.33
435.38,40.12,87.59,51.06,16.34,291.13,35.24,15.16
391.19,20.09,48.77,30.06,12.08,871.83,66.37,13.19
283.51,15.57,74.98,66.34,15.02,152.73,23.32,15.43
369.22,38.37,45.03,7.88,21.32,293.93,89.39,14.0
439.26,33.29,24.87,70.31,26.75,998.7,37.58,17.42
202.07,35.99,76.13,43.46,7.8,489.77,50.08,6.85
163.52,40.14,20.79,34.87,27.71,732.67,70.69,11.69
333.8,39.08,52.73,42.29,24.83,264.4,4.02,13.56
403.92,43.83,46.35,55.06,29.41,648.88,13.79,15.59
381.14,31.08,75.47,5.96,26.65,753.5,102.89,15.85
398.91,29.65,81.3,70.37,9.84,383.03,64.35,13.33
217.79,27.06,44.33,38.51,4.97,846.01,129.72,10.14
408.92,19.61,84.93,30.72,5.14,643.08,104.2,11.91
60.1,32.18,43.51,15.37,10.15,450.21,1.22,2.35
272.24,23.31,55.71,37.96,19.2,601.88,92.51,13.97
2.88,42.64,78.16,42.22,24.52,619.08,14.06,7.29
162.29,32.5,75.43,35.27,27.18,248.98,117.14,17.16
183.23,32.79,98.99,55.9,19.47,462.46,148.73,17.8
198.09,25.65,38.01,36.57,2.16,409.09,79.68,6.08
347.73,16.56,72.99,77.11,7.22,460.81,102.42,13.5
194.28,15.95,68.77,49.95,4.79,785.0,35.6,6.92
224.35,27.7,93.21,65.56,12.17,534.28,65.64,12.36
118.77,17.54,32.51,13.2,16.04,946.28,128.41,7.58
186.63,33.21,80.14,34.8,3.22,364.31,25.11,3.72
113.63,41.43,65.46,30.26,11.76,474.13,39.83,4.83
36.6,41.49,41.97,47.71,7.02,808.26,66.82,3.32
301.72,34.77,57.95,69.58,20.12,591.42,106.84,16.91
334.11,21.34,46.7,10.88,15.0,592.33,56.38,9.63
309.75,40.89,66.35,10.44,15.87,148.01,139.16,13.18
231.75,41.58,91.12,68.77,13.98,458.74,14.17,9.61
189.89,20.9,65.54,20.96,28.77,343.66,55.62,14.13
431.67,37.12,70.54,55.16,8.01,999.4,106.34,12.29
259.54,23.6,61.5,45.72,16.47,377.52,33.9,11.6
239.59,39.08,24.09,67.47,22.61,896.05,98.46,16.69
12.82,44.92,38.63,14.38,17.59,708.61,24.63,4.01
170.62,15.9,59.36,14.73,28.01,406.82,8.4,9.55
190.1,41.92,44.82,46.76,12.58,589.18,18.15,7.9
199.41,33.68,34.54,75.98,14.98,856.48,139.5,15.51
290.09,44.2,60.33,36.12,4.48,895.03,82.76,5.81
266.8,28.95,45.82,29.52,19.05,244.35,119.45,13.59
303.95,40.42,40.65,50.5,10.07,405.62,49.9,10.49
382.44,16.87,57.12,74.78,6.49,401.7,88.9,15.09
406.49,25.06,30.66,67.77,17.25,137.84,74.24,17.37
359.06,17.01,94.22,79.66,16.9,638.41,141.86,18.2
477.76,44.26,89.42,6.69,4.12,869.34,112.14,7.84
9.12,39.51,76.61,13.46,21.55,443.42,109.58,9.11
97.89,40.58,28.5,50.71,19.47,766.03,6.95,7.02
3.78,43.14,82.07,66.54,7.29,664.93,82.45,6.31
323.74,17.55,84.64,26.39,15.14,438.08,70.05,11.12
449.02,26.57,81.42,22.94,22.17,226.95,139.18,19.14
121.74,17.13,29.12,64.02,16.82,738.39,38.6,11.21
463.52,21.32,71.51,9.23,13.07,869.11,40.48,8.92
30.13,21.88,86.75,32.7,11.03,717.27,61.7,3.43
467.22,29.07,66.19,42.94,19.09,116.09,36.51,16.1
175.81,23.06,71.71,47.03,28.3,294.61,19.38,13.46
50.71,18.03,56.67,59.65,20.81,162.53,128.61,16.73
242.94,20.02,62.3,31.61,4.09,613.35,83.74,7.88
128.39,19.42,22.75,50.95,14.9,780.83,129.2,10.3
142.44,44.19,71.12,48.9,26.94,199.52,124.67,18.37
153.64,37.78,26.52,46.07,4.64,854.5,42.31,2.67
401.51,44.03,54.8,53.04,29.69,599.96,82.16,21.21
269.58,28.19,43.41,24.46,28.57,720.97,12.48,12.15
155.65,23.35,63.63,11.35,4.19,974.26,137.29,3.64
305.17,38.95,30.67,13.95,28.14,175.31,60.64,13.95
358.08,24.79,75.33,21.84,12.17,911.1,59.05,9.27
136.31,23.98,83.6,42.51,25.65,213.49,45.41,13.72
206.77,21.98,33.07,68.03,13.71,453.66,69.1,13.08
60.94,18.89,28.35,57.6,14.34,866.29,37.76,9.58
90.57,22.69,31.64,64.18,19.76,915.63,56.23,10.02
340.56,25.66,90.17,31.32,23.69,555.73,119.99,17.27
90.72,35.22,62.26,35.35,2.95,634.69,125.14,7.63
262.58,16.88,57.38,34.53,18.61,737.33,45.63,11.57
354.52,21.32,28.54,19.39,7.23,849.48,70.35,5.82
53.44,39.27,71.96,9.59,11.69,209.36,131.07,8.71
283.66,19.41,89.44,49.32,11.74,829.06,7.9,6.94
128.28,25.28,86.25,79.19,15.13,533.15,133.37,17.18
481.46,40.94,70.08,17.51,11.36,505.56,32.88,8.86
241.77,19.65,26.02,8.5,5.01,481.51,101.78,10.79
403.0,17.48,28.99,63.46,6.08,558.29,87.38,15.4
275.11,29.54,23.94,23.94,2.94,950.55,82.94,4.15
21.71,24.07,40.6,67.22,15.17,593.38,128.9,12.61
316.58,31.9,30.85,57.8,28.72,957.86,15.24,15.51
475.7,39.11,40.8,75.93,5.24,262.26,52.05,15.06
300.81,19.11,50.8,35.67,28.5,751.72,80.74,17.14
409.59,32.42,95.44,54.65,22.53,831.02,121.69,19.83
442.1,30.17,68.83,39.86,19.85,711.22,32.47,13.57
114.04,19.32,86.8,52.29,20.07,646.23,120.44,13.74
106.02,33.72,76.83,38.72,25.15,608.33,59.95,11.35
305.49,23.21,29.0,19.15,4.99,874.84,28.34,5.37
205.51,29.64,78.87,43.09,16.13,839.48,113.85,12.33
419.93,17.47,42.01,44.64,21.52,210.06,13.63,16.58
450.01,28.79,71.13,65.8,18.43,863.73,77.22,17.61
176.71,24.19,47.28,60.16,25.32,472.66,9.58,11.15
118.44,39.67,99.81,54.78,4.02,328.33,53.46,6.78
390.26,16.71,41.08,13.5,21.34,882.79,90.16,13.91
137.4,27.56,42.33,59.05,16.95,488.82,83.42,14.72
411.31,28.75,94.45,42.52,12.62,827.53,60.7,9.83
211.87,36.75,21.97,72.06,11.53,337.06,64.36,14.23
333.77,32.23,75.74,73.99,19.38,103.54,34.02,17.14
47.77,35.02,78.03,9.14,26.95,545.91,68.38,10.27
311.93,38.31,86.91,66.55,15.89,190.21,142.99,20.62
225.88,40.87,97.96,7.83,25.09,778.94,127.57,13.41
293.3,24.42,98.05,32.54,13.26,348.47,21.78,10.38
84.01,31.14,25.22,45.67,4.87,499.28,4.47,3.53
368.44,40.2,85.75,16.11,3.72,178.33,140.03,10.42
431.4,44.68,71.7,60.97,3.44,357.99,79.01,12.01
108.37,41.69,71.79,5.63,12.64,803.34,80.68,3.57
47.86,26.14,30.27,17.64,11.44,236.43,117.11,8.51
11.82,20.85,72.01,48.56,22.1,682.44,47.2,7.11
320.99,29.68,98.6,58.58,22.8,925.68,72.29,15.7
303.55,37.25,92.95,73.75,3.42,711.85,145.3,12.61
273.35,29.78,55.13,57.91,8.19,829.92,100.82,10.42
115.97,29.5,23.2,55.38,9.68,198.07,23.06,8.48
195.45,40.15,48.98,34.58,17.33,325.66,19.98,7.53
297.24,25.84,86.11,5.1,6.05,905.08,30.64,5.61
248.38,40.79,76.12,14.01,5.75,743.6,115.01,6.32
493.89,27.2,56.75,45.09,28.43,675.6,44.31,18.5
68.22,24.85,24.41,55.63,24.52,697.39,3.21,8.99
347.57,28.62,54.15,36.31,7.06,472.78,141.63,12.96
202.16,37.87,57.52,59.8,13.38,140.1,25.46,12.73
214.1,18.78,94.28,44.14,11.96,806.0,1.43,8.07
358.8,20.89,71.29,10.56,24.15,710.84,35.57,13.24
346.22,43.54,44.93,19.4,16.29,525.52,35.25,10.23
495.63,20.26,62.03,68.0,5.58,909.78,63.3,12.28
64.2,32.03,25.28,59.37,22.69,402.54,138.06,14.22
52.05,32.38,97.81,72.11,13.11,364.89,131.88,13.09
362.17,29.69,48.8,13.82,9.36,885.52,68.53,7.25
289.19,34.34,58.23,79.27,12.51,817.29,61.63,13.8
137.08,21.89,48.42,20.71,15.94,563.48,83.25,9.64
39.71,31.58,74.6,5.88,11.61,217.66,36.52,6.07
42.83,26.17,72.98,79.81,8.77,293.56,7.83,9.37
447.1,34.85,77.23,26.08,13.16,690.61,140.88,13.98
95.93,19.24,41.45,55.1,2.54,446.54,28.0,2.95
161.69,32.13,45.25,18.25,23.63,852.83,29.76,9.99
113.33,20.56,30.02,48.52,6.79,954.96,70.87,7.57
177.5,23.36,72.44,72.8,3.23,825.07,73.74,6.46
34.71,21.56,23.18,29.01,20.3,439.79,2.77,9.03
259.53,20.49,67.81,55.27,23.67,809.82,22.19,13.68
33.81,39.77,89.58,19.09,24.79,416.3,56.72,9.52
400.18,23.57,91.27,51.86,15.82,250.39,102.56,19.55
116.86,42.81,55.92,30.23,7.75,130.05,34.26,7.21
270.01,44.1,56.74,20.84,22.64,447.15,63.45,12.97
440.04,32.14,26.16,28.49,21.59,913.2,83.6,15.09
325.44,19.29,73.66,18.41,8.9,315.09,133.29,13.31
266.48,26.24,85.7,72.64,27.3,285.86,48.91,18.38
162.17,38.93,39.57,34.79,4.92,972.84,20.03,2.0
166.5,26.02,53.7,23.4,29.52,122.5,73.39,14.76
334.74,17.61,87.11,38.63,26.09,807.2,112.01,17.21
497.07,31.7,90.17,29.04,21.26,389.23,16.48,14.3
330.92,40.35,39.45,60.83,28.28,133.74,63.7,18.96
278.89,38.88,64.05,77.84,22.22,926.02,2.67,12.81
365.33,20.25,35.4,37.85,7.33,225.68,5.03,8.97
232.6,35.18,28.15,69.58,14.38,596.6,72.44,13.44
30.07,21.62,92.89,47.44,4.0,346.65,44.73,3.02
281.15,21.55,85.64,16.79,12.91,158.67,126.77,13.3
478.81,41.22,80.8,56.8,22.76,144.93,90.32,20.82
87.65,22.49,23.9,43.51,12.82,204.0,68.09,9.69
345.0,22.9,87.5,53.8,11.25,164.23,61.19,13.85
100.47,15.02,55.04,71.73,18.67,784.5,74.59,10.97
267.91,41.12,47.39,38.03,26.42,537.01,6.07,12.78
48.34,38.78,63.72,72.59,3.33,408.6,133.92,10.26
225.19,33.82,27.31,61.3,12.79,476.53,149.75,15.74
378.08,37.51,80.53,41.65,6.43,936.05,27.22,7.97
173.79,19.56,66.59,50.24,21.47,919.68,18.06,10.45
332.46,28.75,34.93,29.42,4.96,744.11,21.54,6.1
397.72,25.54,35.06,78.77,20.61,896.21,99.15,18.77
463.59,17.81,34.74,55.05,10.01,387.68,99.22,17.21
117.32,29.58,24.56,8.29,7.57,443.0,127.19,5.02
199.66,42.62,67.02,29.5,28.22,652.34,112.77,13.93
76.21,16.2,87.23,51.75,2.52,661.26,67.45,7.31
496.24,23.74,21.4,9.22,14.26,533.53,91.93,10.58
463.5,21.23,23.92,6.79,2.61,460.59,103.24,9.47
269.98,22.14,65.82,38.75,15.54,987.56,76.91,12.01
421.02,42.25,85.56,29.95,16.03,839.01,71.35,11.59
260.48,29.04,46.14,37.87,11.01,491.48,96.76,10.76
311.79,28.99,47.97,24.7,5.7,754.56,83.62,7.68
44.56,37.82,67.71,17.35,12.54,342.61,96.59,6.62
377.64,19.63,41.94,56.69,20.82,190.15,91.93,19.46
63.86,29.62,22.13,43.59,23.91,417.19,107.88,13.16
413.03,27.9,78.82,20.01,16.86,462.68,96.42,15.64
391.01,32.91,70.05,28.97,18.52,114.88,77.96,17.38
354.37,44.99,66.46,49.39,7.62,833.31,102.27,10.28
18.08,38.08,79.33,10.42,10.05,423.27,67.42,2.06
151.56,26.94,74.02,16.06,6.53,622.38,36.25,2.83
131.56,39.83,36.47,10.49,8.98,166.57,0.21,3.09
180.07,20.12,48.2,65.92,8.3,257.5,83.99,12.81
43.82,15.91,30.09,61.43,16.54,900.72,88.6,9.3
468.48,21.13,30.39,61.5,17.76,647.82,145.81,19.42
276.9,25.21,74.1,58.72,28.46,955.26,54.22,16.51
152.76,30.32,88.69,55.2,7.48,998.88,59.12,7.3
198.49,33.45,97.02,40.77,19.97,434.67,30.27,10.28
223.6,42.32,70.27,53.17,24.88,368.92,10.58,11.55
300.3,30.3,34.73,7.88,17.69,872.52,115.92,14.9
257.84,30.04,28.45,51.61,9.14,998.75,37.45,8.14
459.7,16.51,85.03,63.34,9.35,666.68,91.34,15.08
248.48,16.05,66.3,42.53,3.1,815.63,103.17,9.32
496.08,31.53,69.46,31.81,10.55,803.57,70.69,11.57
425.71,28.15,82.52,25.81,22.85,419.81,131.45,19.66
104.26,40.18,76.26,53.21,3.33,616.84,66.57,5.36
465.3,19.82,86.76,56.96,8.14,849.75,42.74,11.81
58.18,15.75,24.5,70.32,21.77,719.3,134.4,15.69
408.72,28.47,79.8,30.68,23.91,119.05,129.23,18.49
190.31,22.12,88.07,62.73,14.75,403.04,24.61,13.63
438.99,16.49,42.89,47.1,21.55,230.03,3.89,15.18
434.03,36.74,71.24,71.21,12.86,309.67,13.5,12.54
402.96,18.35,45.13,44.59,6.48,914.94,42.98,8.77
395.02,33.25,96.64,43.82,13.15,133.2,145.84,16.52
152.34,23.43,22.67,48.34,18.24,297.82,83.78,13.46
40.46,20.2,66.38,61.2,28.55,378.61,55.99,16.03
201.49,26.39,33.32,77.35,3.93,655.2,133.31,13.17
86.76,39.04,76.98,10.52,16.21,580.69,67.97,7.24
347.48,26.76,34.07,9.01,11.21,296.44,47.29,8.86
173.05,37.52,38.83,75.32,16.23,247.82,141.18,17.14
487.81,18.76,59.55,44.74,2.67,313.12,127.43,15.23
320.49,38.18,93.19,51.12,10.76,552.28,126.55,11.5
411.24,22.11,36.94,41.18,24.96,344.06,76.84,19.47
66.26,35.32,31.54,12.02,17.51,952.84,118.42,5.49
431.01,31.97,80.72,62.61,14.62,517.48,26.9,16.45
461.38,42.87,60.05,61.04,9.99,152.92,85.98,15.5
243.53,26.62,92.94,28.38,10.35,756.34,147.58,10.87
303.13,16.98,31.73,27.97,12.73,395.96,43.64,9.63
382.4,15.57,71.67,67.84,25.4,688.14,119.15,20.53
87.42,39.81,38.63,10.43,29.08,351.63,73.57,14.6
251.28,30.74,32.54,71.08,14.28,613.67,5.97,11.83
199.33,38.26,74.67,24.25,13.01,794.94,114.45,7.11
73.19,22.03,67.49,49.47,25.7,935.21,25.29,12.03
183.77,25.35,80.39,75.2,13.95,335.01,94.72,16.27
34.09,15.9,44.76,55.86,17.46,401.37,12.85,8.87
12.91,43.84,55.84,36.08,8.47,517.84,142.03,7.83
67.58,35.04,52.44,56.72,22.82,934.46,43.76,9.78
481.56,43.0,98.73,30.8,16.9,911.25,33.97,13.53
274.76,22.96,43.38,25.79,24.65,180.89,19.37,12.76
482.91,33.34,43.59,79.75,23.86,218.74,141.9,25.28
216.25,35.35,48.36,61.31,8.02,545.96,106.79,10.76
155.91,24.53,65.17,53.35,22.04,195.96,111.25,15.04
253.07,40.44,40.19,31.65,24.4,411.02,74.91,16.83
219.76,43.41,93.22,8.69,11.69,233.55,71.21,6.41
52.83,41.55,41.25,7.33,6.83,672.44,16.5,2.0
320.41,37.17,91.67,46.56,2.07,954.55,83.98,4.85
108.02,23.32,28.28,62.15,14.63,997.06,37.04,7.56
309.79,23.45,72.53,45.3,11.87,437.72,146.57,15.87
325.1,43.9,92.56,68.06,17.54,639.11,119.49,15.5
76.01,15.31,33.5,7.51,7.27,870.64,61.95,3.22
30.67,36.48,97.47,32.51,26.07,205.72,22.7,10.12
390.38,36.19,56.23,22.78,9.22,720.61,117.8,12.32
229.9,33.68,95.66,38.55,8.34,467.96,18.31,8.26
29.08,44.7,74.15,10.43,15.46,285.53,28.4,3.74
497.43,24.36,44.13,76.56,15.97,462.48,31.73,17.47
28.89,25.2,35.06,21.74,8.02,168.36,83.53,6.61
347.52,17.37,44.3,74.17,9.61,725.87,118.06,16.2
491.84,28.28,27.44,36.94,6.75,327.47,47.15,11.88
119.59,22.83,31.51,78.91,22.12,380.27,12.7,13.92
71.12,25.3,28.37,46.55,23.56,208.97,69.68,13.43
60.69,40.04,53.84,74.81,14.95,878.19,112.22,11.24
151.64,43.06,83.65,5.4,21.99,544.1,33.25,8.96
50.52,20.57,31.31,61.12,22.61,614.93,32.99,12.17
346.08,26.18,30.43,72.73,5.87,612.49,142.08,15.83
31.15,42.86,71.47,15.48,29.05,469.44,143.12,14.45
254.71,16.85,35.77,12.21,24.99,273.28,148.57,17.37
498.35,17.77,27.81,36.84,7.73,770.62,121.15,14.38
406.99,19.88,33.35,75.03,7.21,214.35,28.23,12.61
307.61,32.86,93.9,45.68,5.52,193.49,31.8,10.58
153.13,19.51,85.72,44.56,5.87,739.13,51.03,2.69
311.95,44.04,48.33,15.58,22.95,287.95,47.72,12.41
263.52,28.4,72.47,5.06,15.15,376.1,143.48,13.84
213.04,30.05,62.98,65.76,23.92,527.7,118.36,16.31
65.36,22.4,74.17,11.57,22.9,504.42,108.6,11.61
443.3,29.13,74.61,52.54,18.93,737.72,27.89,13.37
224.89,34.86,70.3,73.6,21.22,661.09,136.43,17.31
97.31,37.54,41.29,20.65,2.51,679.96,124.18,5.5
183.88,37.62,23.12,54.9,10.73,742.65,24.55,7.27
207.06,32.34,56.45,10.9,19.86,363.35,130.68,10.64
413.77,42.13,91.28,50.28,2.26,390.1,40.84,7.82
366.81,39.52,65.56,17.29,2.92,494.2,12.13,5.61
384.65,37.71,86.59,60.2,25.85,376.72,98.52,20.72
5.52,16.67,99.33,27.59,21.15,986.44,98.07,10.93
208.08,15.21,33.09,39.75,9.43,832.65,14.24,8.1
240.67,21.37,75.34,49.96,21.26,248.19,47.83,14.49
9.6,34.91,73.94,17.85,24.19,105.03,148.92,16.83
129.91,27.34,98.4,60.62,10.59,138.5,101.76,12.68
380.14,27.07,98.85,27.7,3.01,319.66,109.51,9.56
68.55,41.54,74.93,54.68,28.12,202.86,31.94,12.87
267.66,41.87,39.49,16.87,11.67,580.0,11.82,2.8
107.6,42.28,83.88,56.61,4.98,872.2,41.54,5.87
6.06,24.42,28.56,14.61,15.77,763.08,37.33,5.91
120.6,35.73,82.46,36.9,23.52,294.05,35.18,10.22
487.94,23.15,92.82,23.54,8.21,459.37,28.91,9.96
400.77,20.72,50.63,61.13,9.55,557.1,86.21,14.54
479.79,20.54,70.45,24.65,8.8,829.19,49.22,8.72
243.93,25.26,54.41,71.13,29.77,855.21,123.05,17.9
54.87,27.9,55.02,71.89,7.53,918.75,27.59,4.99
273.98,39.93,44.83,19.73,18.11,558.32,69.69,10.2
227.19,18.6,80.97,51.04,27.91,724.85,2.05,13.05
422.18,37.05,94.89,11.58,6.11,200.62,72.25,9.9
49.04,30.94,95.26,34.37,29.18,608.76,8.38,11.77
244.12,23.64,33.98,58.5,28.53,323.82,146.66,21.35
75.02,29.78,89.98,54.46,26.77,488.55,118.59,16.36
162.34,24.0,78.99,51.85,8.01,670.65,73.52,9.32
368.68,32.88,40.23,26.19,19.75,331.29,12.99,12.75
238.01,28.02,25.38,33.35,23.3,146.97,88.87,15.22
187.94,19.93,41.44,12.72,29.61,109.21,113.81,17.43
197.24,18.5,92.98,58.93,7.05,119.94,28.61,10.54
229.72,31.4,70.65,42.79,23.45,107.51,85.23,15.13
392.51,42.07,77.68,58.16,11.49,199.32,122.13,18.06
446.04,25.32,40.57,23.67,6.92,315.54,115.24,14.8
477.67,36.99,77.55,29.33,13.8,299.1,120.45,15.25
393.45,34.76,22.25,30.07,24.23,988.12,131.9,16.6
157.7,42.95,50.03,6.93,15.02,375.41,140.65,10.92
344.07,39.63,70.14,30.58,17.05,214.68,60.83,12.51
218.8,32.0,31.69,65.25,29.86,591.01,85.32,18.98
127.34,34.71,85.84,72.3,13.18,872.16,118.6,12.02
420.44,41.95,38.8,43.87,19.23,710.25,104.57,14.03
19.21,26.99,72.18,39.16,12.23,366.47,149.33,11.41
450.88,24.8,52.42,7.31,13.0,605.45,2.05,7.0
230.74,15.32,67.68,70.94,21.48,743.37,53.27,16.17
318.6,39.8,28.6,5.98,28.26,755.29,42.15,11.02
329.68,39.03,21.35,75.86,17.19,699.88,39.35,13.66
447.56,18.13,92.77,41.69,23.52,883.73,33.38,16.82
318.33,32.31,41.57,30.65,4.5,883.09,106.37,8.5
306.97,28.92,85.57,74.32,7.91,621.04,12.71,8.6
33.33,18.56,99.95,6.83,16.06,486.87,111.24,7.02
259.2,44.42,36.91,48.61,2.56,677.41,104.01,7.18
75.08,21.44,41.21,46.17,9.08,836.39,37.62,5.56
368.72,17.02,73.03,21.45,16.49,105.09,37.93,13.69
256.11,32.85,97.24,37.17,2.42,992.8,94.33,4.81
340.11,37.17,93.27,53.92,9.41,264.6,114.33,12.96
20.84,15.97,60.23,59.53,16.39,523.22,131.47,13.52
42.4,34.76,83.61,5.05,18.05,884.83,127.82,6.97
358.16,30.97,30.86,75.26,27.92,302.54,144.73,26.79
36.04,18.1,98.2,17.34,20.07,529.12,87.21,9.46
35.63,20.18,97.15,22.52,13.61,219.32,136.3,12.84
6.05,32.04,33.1,24.76,28.05,455.57,121.28,11.91
478.25,23.89,43.95,7.84,23.98,259.42,134.2,17.44
368.75,43.15,28.01,14.23,7.6,427.26,1.74,4.19
176.63,39.56,41.74,78.98,5.66,436.12,144.89,14.45
148.27,44.51,85.28,28.64,20.92,993.85,71.03,10.59
174.85,22.79,50.27,13.65,17.68,995.33,119.73,8.63
387.33,44.09,27.07,13.02,24.11,203.31,19.08,12.48
330.69,27.94,47.38,58.96,22.69,753.37,59.39,14.18
92.6,25.43,98.51,69.09,19.51,146.57,40.72,11.34
87.05,16.51,70.37,24.27,29.62,127.17,43.75,14.89
49.2,16.58,53.29,6.57,16.94,194.8,18.49,6.59
330.15,35.76,33.32,21.73,5.17,968.94,120.86,7.68
382.19,28.74,98.89,9.24,25.19,946.78,1.39,8.44
132.52,21.8,85.67,12.75,9.05,274.54,46.88,7.83
10.47,33.42,42.52,37.36,23.76,245.51,26.16,9.25
41.09,22.59,25.61,22.24,28.8,316.48,88.36,14.25
483.93,32.33,24.53,43.7,21.51,563.99,38.14,14.19
147.72,25.78,29.63,24.01,18.69,612.73,38.85,8.26
384.61,39.71,66.46,75.54,14.89,299.43,73.25,17.12
312.33,39.62,94.3,72.95,12.2,780.96,97.9,14.0
190.97,29.32,59.74,47.51,11.88,378.6,18.2,8.76
102.84,25.52,87.44,31.58,19.82,929.92,26.33,7.66
60.69,25.88,55.67,33.59,23.04,691.05,37.08,7.73
307.51,39.17,76.69,35.89,21.0,492.72,146.06,16.98
387.32,24.85,78.55,59.57,7.56,810.92,59.57,11.25
321.95,21.27,33.92,38.87,15.83,836.12,89.85,12.94
265.15,17.54,48.9,69.25,24.17,361.43,36.23,17.19
20.98,29.0,70.98,75.81,15.32,405.74,73.57,10.08
484.24,29.46,25.66,30.2,17.03,942.36,11.12,9.26
399.36,40.23,48.92,47.05,23.59,248.27,5.21,12.56
146.41,21.64,62.78,12.13,20.52,137.94,70.31,12.51
489.99,26.43,99.7,20.04,13.46,508.65,59.8,13.69
300.94,39.25,57.96,36.01,27.07,821.09,20.53,13.46
291.21,39.71,85.28,20.47,6.55,794.5,103.14,7.63
374.04,26.54,54.57,70.74,29.87,927.58,148.94,20.09
405.88,28.77,83.71,16.87,5.33,579.88,59.35,6.69
328.24,24.1,67.63,39.17,2.42,190.06,93.68,10.89
64.05,42.98,90.93,50.43,26.92,629.82,144.45,15.69
169.13,18.56,52.88,56.89,8.86,800.56,124.73,10.78
464.04,43.01,68.34,33.73,22.43,184.0,69.53,17.85
112.31,35.52,70.4,70.18,24.71,255.39,110.62,17.59
186.08,30.95,53.39,47.62,26.05,111.06,19.22,14.64
216.04,15.98,31.54,37.96,29.76,634.29,76.82,15.66
219.7,29.27,27.48,10.04,10.23,898.06,41.86,5.48
306.47,27.23,21.33,39.85,21.89,703.6,24.17,11.72
471.54,19.84,89.88,66.56,5.23,983.84,63.94,10.26
120.35,34.69,38.92,51.09,13.39,156.73,19.65,8.08
60.75,44.13,36.92,67.41,25.74,912.7,104.85,13.23
98.74,31.87,78.88,42.05,12.29,832.66,68.44,8.15
443.46,36.44,45.6,13.88,18.55,382.82,79.67,14.04
322.91,17.05,60.48,6.02,16.11,976.17,21.96,6.86
142.95,27.53,33.0,27.74,20.09,359.14,20.97,7.92
407.97,18.49,96.78,57.35,29.24,900.37,87.51,20.86
430.68,33.38,88.13,64.27,3.56,892.67,147.75,12.74
423.26,43.15,89.1,27.18,18.07,781.89,14.44,10.02
459.46,34.85,52.54,42.17,26.16,607.12,42.86,18.74
126.12,17.3,80.99,36.58,15.48,208.0,130.42,14.37
377.52,25.64,31.51,35.79,4.2,578.77,10.84,4.88
230.27,31.52,20.69,22.35,17.7,421.12,131.38,11.31
421.0,27.1,21.6,15.23,11.3,813.0,78.64,9.95
364.25,40.01,66.93,19.75,6.34,782.32,61.24,5.13
388.22,39.44,56.43,9.15,25.77,919.55,46.45,12.56
328.08,33.35,61.44,19.86,16.6,113.35,44.57,12.03
88.71,26.2,20.6,5.69,28.13,828.19,45.87,9.04
272.51,22.66,53.81,52.04,24.57,944.62,132.72,16.4
492.33,18.18,77.45,28.73,21.4,810.37,108.57,19.46
468.69,25.65,55.42,77.99,2.14,217.18,100.46,19.3
21.59,27.4,78.58,19.53,13.98,173.15,119.81,9.17
82.41,35.27,38.64,30.94,7.53,118.76,38.57,6.07
65.86,34.74,85.05,31.84,27.5,665.87,92.71,12.59
362.99,17.1,67.07,5.63,6.89,666.71,69.01,7.23
408.89,26.86,36.86,67.94,10.01,988.22,117.37,13.47
106.76,20.45,38.94,7.4,16.47,458.24,46.39,5.66
252.93,19.7,70.24,75.51,9.37,398.72,96.48,13.03
420.35,39.82,86.4,71.91,7.88,661.98,132.33,15.96
366.4,16.26,53.25,45.16,18.77,843.05,60.32,13.28
271.12,27.58,40.66,45.77,4.49,943.1,9.99,2.0
295.17,20.05,89.36,54.03,3.63,822.81,77.41,9.36
254.18,41.38,73.54,34.03,12.42,484.01,51.9,8.91
148.77,31.71,55.85,53.54,22.18,671.42,100.83,15.66
282.51,21.94,59.03,8.36,17.53,870.67,142.65,12.62
344.44,30.07,36.34,9.05,13.84,541.55,72.84,8.2
436.66,36.94,70.14,39.29,17.84,295.02,69.93,13.03
318.15,43.74,48.7,46.22,12.23,252.75,98.19,12.62
380.56,21.61,99.65,71.59,28.21,100.14,15.52,19.7
80.04,41.59,58.41,12.85,3.54,746.41,38.03,2.0
230.78,43.03,58.87,66.7,20.85,199.99,137.85,18.65
4.67,42.49,65.27,20.75,26.96,319.46,100.49,13.14
123.34,34.06,93.34,34.56,24.51,368.09,2.02,8.51
363.23,33.89,84.07,28.75,7.15,604.34,30.69,8.53
495.9,27.1,56.09,35.01,10.29,458.16,102.43,15.61
49.59,37.57,77.5,16.29,22.08,707.21,114.66,7.23
200.75,30.94,66.9,42.77,4.36,150.07,125.98,12.44
400.04,35.32,59.39,65.12,24.73,211.55,43.83,19.12
102.02,27.85,35.39,38.12,22.13,549.29,139.65,14.79
277.54,36.94,57.11,41.8,22.43,403.27,82.94,14.18
366.54,39.73,39.67,68.66,4.81,366.23,104.48,14.93
307.99,19.39,93.19,57.95,22.1,160.33,89.51,17.54
94.01,39.99,46.83,41.78,21.03,906.15,18.41,8.23
177.69,31.21,96.18,24.33,25.27,722.64,144.47,15.77
391.9,40.34,62.64,71.37,3.16,209.46,18.43,9.41
277.11,27.94,70.52,48.28,2.65,158.54,38.23,10.82
2.61,26.37,63.44,21.59,12.44,977.39,122.04,6.05
380.5,42.45,30.35,25.18,6.17,713.06,92.79,9.4
17.66,22.54,50.07,65.23,17.63,475.71,125.72,11.82
372.87,40.33,27.93,8.31,27.69,731.56,77.36,16.64
101.24,29.52,69.84,79.41,12.96,780.7,56.55,8.6
479.04,30.42,55.75,14.78,25.66,801.97,138.28,19.38
183.97,24.25,82.24,64.71,2.01,530.09,5.44,4.33
163.47,32.19,37.64,34.61,6.72,486.89,128.42,8.41
74.44,24.76,33.17,41.92,2.85,109.93,34.62,6.12
152.8,16.18,52.51,71.05,11.19,933.9,127.31,13.67
438.33,23.16,94.13,35.97,27.43,642.98,20.88,14.63
498.17,15.19,76.83,45.31,4.71,282.84,87.03,15.65
184.15,44.35,53.51,8.7,18.98,927.64,133.22,10.76
224.31,43.97,61.38,5.18,14.64,923.44,71.03,4.73
361.04,26.85,26.74,23.36,28.28,990.27,111.99,18.28
443.1,36.85,98.77,56.04,5.43,886.65,120.7,10.72
296.52,25.37,73.31,14.09,7.94,998.01,110.47,6.76
195.76,35.13,42.83,13.53,2.83,320.22,138.8,8.1
206.31,39.16,66.86,35.82,14.15,858.02,67.03,7.18
347.81,43.4,28.76,53.59,9.78,840.73,25.97,8.75
1.61,27.01,97.27,58.41,26.36,307.85,7.17,11.92
309.79,38.5,33.98,18.38,18.94,188.59,36.97,11.32
177.75,22.98,71.84,10.97,19.19,981.48,21.48,7.05
397.1,44.71,39.64,75.53,16.89,366.42,83.69,17.28
46.5,15.77,77.4,24.55,4.57,883.8,27.74,2.0
294.1,33.11,82.15,69.0,14.46,103.71,5.84,14.53
240.49,34.79,73.87,69.76,29.99,118.92,5.4,18.63
321.16,35.64,69.16,62.94,25.39,519.28,124.74,20.81
32.43,18.61,91.4,17.66,27.02,314.84,88.72,11.34
289.99,43.16,26.29,66.64,25.05,720.86,53.71,16.19
280.74,20.44,46.47,62.69,4.89,609.01,134.13,11.79
280.33,33.68,39.86,49.75,8.37,169.74,10.53,7.63
301.74,21.68,99.04,30.29,2.09,246.37,147.05,11.41
338.23,24.22,51.15,24.69,10.5,449.24,92.44,10.33
402.49,31.39,78.61,14.14,5.04,267.04,27.52,8.34
134.91,27.52,74.78,43.23,15.24,813.0,101.86,11.24
412.52,19.81,36.97,48.89,20.96,474.46,114.51,16.84
249.13,20.13,39.12,31.95,26.49,184.09,64.4,15.4
38.53,27.54,42.5,40.65,22.98,535.91,129.24,11.77
29.28,37.72,52.89,32.26,28.28,181.75,22.61,10.65
167.12,41.94,38.75,53.08,3.51,216.04,41.83,7.24
392.45,17.52,21.57,72.59,2.34,315.65,14.02,10.65
353.84,26.79,90.35,17.29,20.52,873.57,31.63,9.6
394.31,18.01,97.25,33.61,10.1,932.15,35.81,10.5
258.63,15.5,47.33,15.57,9.1,843.63,137.64,6.9
220.1,34.85,47.08,51.87,11.26,400.67,11.72,10.0
73.73,33.07,20.57,59.67,9.55,345.2,64.11,8.1
164.1,19.89,74.42,74.89,16.32,594.24,79.86,13.89
217.01,22.01,86.04,25.92,14.32,749.67,134.8,11.0
44.3,15.71,31.73,76.27,16.35,994.04,149.65,15.56
110.31,40.05,32.77,9.74,20.84,218.41,113.01,9.89
299.11,44.24,83.21,50.23,12.84,144.36,145.62,16.05
367.83,19.06,69.3,9.28,9.04,724.92,118.07,10.93
499.17,21.94,23.59,72.03,6.65,849.0,144.48,14.93
466.56,41.05,69.8,44.74,11.79,861.71,106.09,12.34
321.28,42.79,44.71,55.2,22.77,710.62,11.96,12.52
210.62,27.59,49.5,67.37,23.19,958.61,60.29,12.8
318.09,16.52,81.58,16.27,20.67,559.9,96.99,13.14
392.83,16.18,84.87,7.89,8.55,922.43,52.61,6.7
59.17,32.22,52.03,70.92,18.47,971.03,41.01,9.95
204.95,26.79,95.77,28.62,17.98,862.44,86.61,9.92
419.9,15.86,52.52,14.67,15.56,378.78,140.03,17.51
191.92,32.5,81.75,40.13,17.4,276.59,5.25,8.46
285.94,15.34,58.71,49.87,15.77,593.31,115.38,13.77
293.88,38.62,91.8,7.32,17.83,507.71,108.41,13.92
92.24,24.19,92.62,25.62,22.03,889.98,144.59,11.37
181.12,16.21,26.99,7.46,5.07,190.03,139.61,7.53
167.26,32.65,94.92,36.53,22.99,331.97,114.33,13.0
13.1,26.93,86.04,72.13,5.8,776.62,78.06,7.96
12.1,44.21,83.3,78.7,3.87,185.49,30.64,5.69
415.85,31.33,36.07,52.78,29.33,388.69,81.79,20.57
136.54,23.26,84.41,17.12,28.8,448.44,114.8,14.94
259.04,36.28,88.01,72.94,3.69,660.33,134.35,13.15
149.36,23.14,43.13,43.72,14.41,242.32,118.46,13.18
470.34,42.13,96.18,16.53,7.21,874.54,29.29,9.28
129.65,26.24,23.99,74.13,15.59,502.79,89.95,13.77
214.83,31.5,31.99,61.81,25.24,925.32,49.83,14.99
436.37,16.52,63.01,59.88,28.62,521.08,1.38,19.46
420.97,27.78,66.06,58.19,19.76,347.54,30.03,16.26
93.05,39.97,71.61,20.03,11.91,227.65,16.98,4.23
401.32,39.17,21.36,20.83,18.89,103.37,126.41,17.38
229.09,21.73,96.83,56.62,10.74,578.94,38.78,10.48
241.48,21.78,23.57,21.48,27.48,196.44,42.7,14.1
66.74,39.52,31.44,37.9,26.37,452.55,143.99,15.44
40.3,42.91,21.12,63.65,17.63,630.34,56.86,10.96
363.97,17.86,65.35,63.8,11.09,348.12,1.44,14.7
248.23,28.5,94.58,38.99,10.21,257.7,42.58,10.69
218.43,25.12,73.28,64.41,2.94,797.25,17.89,7.96
364.75,41.12,85.81,67.9,24.84,952.11,15.42,13.6
382.76,17.51,21.06,54.11,14.61,190.4,11.62,14.85
79.45,21.33,63.36,22.13,11.1,240.03,88.99,9.99
305.11,37.57,56.77,25.55,15.19,964.01,28.4,6.26
67.68,16.54,59.92,28.61,24.92,134.01,54.19,12.25
375.69,29.78,25.78,13.76,5.49,979.87,129.3,10.51
328.48,28.26,74.75,25.49,26.01,104.18,63.65,15.62
478.31,25.03,60.26,20.71,27.13,886.3,137.35,17.42
34.48,26.84,81.21,39.15,28.51,376.59,74.69,15.6
28.53,30.9,58.82,73.13,13.13,944.73,59.83,9.38
141.09,19.84,31.95,12.84,8.08,385.25,112.56,8.46
